make_id,make,n,K_c,d0,d1,d2,encoder,crop
0,AM General,44,1,0.7348,,1.9383,dinov3_base,128
1,Acura,235,6,0.8260,1.3846,1.7691,dinov3_base,128
2,Aston Martin,153,4,0.9754,1.0498,1.8396,dinov3_base,128
3,Audi,551,14,0.8242,1.3227,1.7962,dinov3_base,128
4,BMW,519,13,0.9392,1.3302,1.7990,dinov3_base,128
5,Bentley,226,6,0.7881,1.0491,1.7354,dinov3_base,128
6,Bugatti,70,2,0.7337,0.8978,1.8092,dinov3_base,128
7,Buick,154,4,0.8510,1.5333,1.7312,dinov3_base,128
8,Cadillac,127,3,0.6241,1.1513,1.7135,dinov3_base,128
9,Chevrolet,884,22,0.8258,1.6475,1.7979,dinov3_base,128
10,Chrysler,256,6,0.8243,1.5046,1.7139,dinov3_base,128
11,Daewoo,45,1,0.9545,,1.7785,dinov3_base,128
12,Dodge,610,15,0.7333,1.5843,1.7911,dinov3_base,128
13,Eagle,46,1,0.8019,,1.8422,dinov3_base,128
14,FIAT,60,2,0.9290,1.1854,1.8649,dinov3_base,128
15,Ferrari,159,4,0.8507,1.0897,1.8727,dinov3_base,128
16,Fisker,43,1,0.8950,,1.8443,dinov3_base,128
17,Ford,513,12,0.7428,1.6340,1.8098,dinov3_base,128
18,GMC,234,5,0.7825,1.5507,1.7964,dinov3_base,128
19,Geo,44,1,0.8555,,1.8746,dinov3_base,128
20,HUMMER,81,2,0.6762,0.8696,1.9099,dinov3_base,128
21,Honda,160,4,0.9091,1.3971,1.7703,dinov3_base,128
22,Hyundai,430,11,0.8438,1.4880,1.8269,dinov3_base,128
23,Infiniti,66,2,0.9286,1.7826,1.7831,dinov3_base,128
24,Isuzu,40,1,0.6808,,1.7485,dinov3_base,128
25,Jaguar,46,1,1.1557,,1.8456,dinov3_base,128
26,Jeep,218,5,0.6746,1.2081,1.8332,dinov3_base,128
27,Lamborghini,158,4,0.8028,0.9965,1.9063,dinov3_base,128
28,Land Rover,84,2,0.7491,1.1027,1.7707,dinov3_base,128
29,Lincoln,39,1,0.8232,,1.7490,dinov3_base,128
30,MINI,36,1,0.8145,,1.8659,dinov3_base,128
31,Maybach,29,1,1.0039,,1.7455,dinov3_base,128
32,Mazda,36,1,0.7094,,1.7176,dinov3_base,128
33,McLaren,44,1,0.7934,,1.8584,dinov3_base,128
34,Mercedes-Benz,256,6,0.7617,1.4026,1.7563,dinov3_base,128
35,Mitsubishi,47,1,0.9216,,1.8248,dinov3_base,128
36,Nissan,170,4,0.8364,1.9731,1.8709,dinov3_base,128
37,Plymouth,44,1,0.6569,,1.8482,dinov3_base,128
38,Porsche,43,1,1.0744,,1.8430,dinov3_base,128
39,Ram,40,1,0.9170,,1.7125,dinov3_base,128
40,Rolls-Royce,110,3,0.7286,0.8922,1.7753,dinov3_base,128
41,Scion,41,1,0.8914,,1.8860,dinov3_base,128
42,Spyker,84,2,0.9817,1.1385,1.8596,dinov3_base,128
43,Suzuki,166,4,0.9722,1.3387,1.7518,dinov3_base,128
44,Tesla,38,1,0.9123,,1.8606,dinov3_base,128
45,Toyota,161,4,0.7551,1.5721,1.8128,dinov3_base,128
46,Volkswagen,131,3,0.8271,1.8781,1.8640,dinov3_base,128
47,Volvo,129,3,0.9304,1.7605,1.8071,dinov3_base,128
48,smart,40,1,0.7515,,1.9521,dinov3_base,128
0,AM General,44,1,0.7420,,1.9570,dinov3_base,256
1,Acura,235,6,0.8057,1.4002,1.7961,dinov3_base,256
2,Aston Martin,153,4,0.9541,1.0296,1.8500,dinov3_base,256
3,Audi,551,14,0.7897,1.3158,1.8190,dinov3_base,256
4,BMW,519,13,0.9223,1.3308,1.8246,dinov3_base,256
5,Bentley,226,6,0.7662,1.0394,1.7545,dinov3_base,256
6,Bugatti,70,2,0.7300,0.8917,1.8267,dinov3_base,256
7,Buick,154,4,0.8130,1.5213,1.7478,dinov3_base,256
8,Cadillac,127,3,0.5932,1.1471,1.7259,dinov3_base,256
9,Chevrolet,884,22,0.7982,1.6512,1.8123,dinov3_base,256
10,Chrysler,256,6,0.7995,1.5139,1.7312,dinov3_base,256
11,Daewoo,45,1,0.9421,,1.8041,dinov3_base,256
12,Dodge,610,15,0.7107,1.5974,1.8085,dinov3_base,256
13,Eagle,46,1,0.7610,,1.8665,dinov3_base,256
14,FIAT,60,2,0.9073,1.1523,1.8886,dinov3_base,256
15,Ferrari,159,4,0.8571,1.1071,1.8947,dinov3_base,256
16,Fisker,43,1,0.8522,,1.8618,dinov3_base,256
17,Ford,513,12,0.7209,1.6408,1.8284,dinov3_base,256
18,GMC,234,5,0.7602,1.5490,1.8071,dinov3_base,256
19,Geo,44,1,0.8484,,1.9063,dinov3_base,256
20,HUMMER,81,2,0.6494,0.8679,1.9208,dinov3_base,256
21,Honda,160,4,0.8782,1.3839,1.7977,dinov3_base,256
22,Hyundai,430,11,0.8156,1.4856,1.8492,dinov3_base,256
23,Infiniti,66,2,0.8918,1.7673,1.8097,dinov3_base,256
24,Isuzu,40,1,0.6685,,1.7632,dinov3_base,256
25,Jaguar,46,1,1.1385,,1.8681,dinov3_base,256
26,Jeep,218,5,0.6530,1.2209,1.8443,dinov3_base,256
27,Lamborghini,158,4,0.7999,1.0046,1.9310,dinov3_base,256
28,Land Rover,84,2,0.6996,1.0721,1.7874,dinov3_base,256
29,Lincoln,39,1,0.7997,,1.7659,dinov3_base,256
30,MINI,36,1,0.7808,,1.8892,dinov3_base,256
31,Maybach,29,1,1.0195,,1.7748,dinov3_base,256
32,Mazda,36,1,0.6768,,1.7261,dinov3_base,256
33,McLaren,44,1,0.7753,,1.8821,dinov3_base,256
34,Mercedes-Benz,256,6,0.7300,1.3951,1.7761,dinov3_base,256
35,Mitsubishi,47,1,0.8722,,1.8463,dinov3_base,256
36,Nissan,170,4,0.8036,1.9886,1.8921,dinov3_base,256
37,Plymouth,44,1,0.6417,,1.8785,dinov3_base,256
38,Porsche,43,1,1.0398,,1.8655,dinov3_base,256
39,Ram,40,1,0.9220,,1.7333,dinov3_base,256
40,Rolls-Royce,110,3,0.6997,0.8667,1.7936,dinov3_base,256
41,Scion,41,1,0.8516,,1.9130,dinov3_base,256
42,Spyker,84,2,0.9605,1.1247,1.8945,dinov3_base,256
43,Suzuki,166,4,0.9553,1.3385,1.7739,dinov3_base,256
44,Tesla,38,1,0.8670,,1.8817,dinov3_base,256
45,Toyota,161,4,0.7328,1.5700,1.8399,dinov3_base,256
46,Volkswagen,131,3,0.8034,1.9017,1.8829,dinov3_base,256
47,Volvo,129,3,0.9032,1.7684,1.8246,dinov3_base,256
48,smart,40,1,0.7735,,1.9736,dinov3_base,256
0,AM General,44,1,0.5423,,1.9151,dinov3_large,128
1,Acura,235,6,0.7168,1.3948,1.7899,dinov3_large,128
2,Aston Martin,153,4,0.8242,0.9011,1.8176,dinov3_large,128
3,Audi,551,14,0.6975,1.2522,1.8084,dinov3_large,128
4,BMW,519,13,0.7664,1.2359,1.8348,dinov3_large,128
5,Bentley,226,6,0.6842,0.9242,1.7466,dinov3_large,128
6,Bugatti,70,2,0.6183,0.7664,1.8075,dinov3_large,128
7,Buick,154,4,0.7243,1.5520,1.7570,dinov3_large,128
8,Cadillac,127,3,0.5168,1.0815,1.7212,dinov3_large,128
9,Chevrolet,884,22,0.6831,1.5662,1.7861,dinov3_large,128
10,Chrysler,256,6,0.7049,1.5497,1.7389,dinov3_large,128
11,Daewoo,45,1,0.9036,,1.8083,dinov3_large,128
12,Dodge,610,15,0.6000,1.5068,1.7879,dinov3_large,128
13,Eagle,46,1,0.6783,,1.8372,dinov3_large,128
14,FIAT,60,2,0.6823,0.8751,1.8638,dinov3_large,128
15,Ferrari,159,4,0.7728,1.1347,1.8620,dinov3_large,128
16,Fisker,43,1,0.7744,,1.8150,dinov3_large,128
17,Ford,513,12,0.6120,1.6273,1.8163,dinov3_large,128
18,GMC,234,5,0.6192,1.4992,1.7768,dinov3_large,128
19,Geo,44,1,0.6682,,1.9120,dinov3_large,128
20,HUMMER,81,2,0.5166,0.7344,1.8713,dinov3_large,128
21,Honda,160,4,0.7958,1.3949,1.8034,dinov3_large,128
22,Hyundai,430,11,0.7377,1.4872,1.8428,dinov3_large,128
23,Infiniti,66,2,0.8231,1.6487,1.7963,dinov3_large,128
24,Isuzu,40,1,0.6101,,1.7388,dinov3_large,128
25,Jaguar,46,1,0.9958,,1.7970,dinov3_large,128
26,Jeep,218,5,0.5674,1.3146,1.8256,dinov3_large,128
27,Lamborghini,158,4,0.7323,0.9649,1.8879,dinov3_large,128
28,Land Rover,84,2,0.6280,1.0763,1.7910,dinov3_large,128
29,Lincoln,39,1,0.6460,,1.7674,dinov3_large,128
30,MINI,36,1,0.5591,,1.8612,dinov3_large,128
31,Maybach,29,1,0.8662,,1.7503,dinov3_large,128
32,Mazda,36,1,0.5709,,1.7256,dinov3_large,128
33,McLaren,44,1,0.6818,,1.8627,dinov3_large,128
34,Mercedes-Benz,256,6,0.7118,1.3997,1.8062,dinov3_large,128
35,Mitsubishi,47,1,0.7291,,1.8382,dinov3_large,128
36,Nissan,170,4,0.7178,1.8976,1.8732,dinov3_large,128
37,Plymouth,44,1,0.6035,,1.8530,dinov3_large,128
38,Porsche,43,1,0.9147,,1.8378,dinov3_large,128
39,Ram,40,1,0.7231,,1.7341,dinov3_large,128
40,Rolls-Royce,110,3,0.6105,0.7636,1.7718,dinov3_large,128
41,Scion,41,1,0.7458,,1.8885,dinov3_large,128
42,Spyker,84,2,0.8702,1.0707,1.8488,dinov3_large,128
43,Suzuki,166,4,0.8791,1.3939,1.7872,dinov3_large,128
44,Tesla,38,1,0.8212,,1.8140,dinov3_large,128
45,Toyota,161,4,0.6411,1.5137,1.8325,dinov3_large,128
46,Volkswagen,131,3,0.6772,1.8413,1.8818,dinov3_large,128
47,Volvo,129,3,0.8073,1.6553,1.8247,dinov3_large,128
48,smart,40,1,0.5587,,1.9171,dinov3_large,128
0,AM General,44,1,0.5519,,1.9389,dinov3_large,256
1,Acura,235,6,0.6915,1.3898,1.8131,dinov3_large,256
2,Aston Martin,153,4,0.8062,0.8804,1.8461,dinov3_large,256
3,Audi,551,14,0.6751,1.2468,1.8394,dinov3_large,256
4,BMW,519,13,0.7477,1.2427,1.8665,dinov3_large,256
5,Bentley,226,6,0.6690,0.9218,1.7780,dinov3_large,256
6,Bugatti,70,2,0.6225,0.7661,1.8306,dinov3_large,256
7,Buick,154,4,0.6903,1.5385,1.7831,dinov3_large,256
8,Cadillac,127,3,0.4911,1.0936,1.7499,dinov3_large,256
9,Chevrolet,884,22,0.6621,1.5853,1.8154,dinov3_large,256
10,Chrysler,256,6,0.6798,1.5613,1.7648,dinov3_large,256
11,Daewoo,45,1,0.8882,,1.8316,dinov3_large,256
12,Dodge,610,15,0.5759,1.5312,1.8150,dinov3_large,256
13,Eagle,46,1,0.6370,,1.8534,dinov3_large,256
14,FIAT,60,2,0.6601,0.8455,1.8887,dinov3_large,256
15,Ferrari,159,4,0.7699,1.1523,1.8918,dinov3_large,256
16,Fisker,43,1,0.7506,,1.8383,dinov3_large,256
17,Ford,513,12,0.5839,1.6410,1.8432,dinov3_large,256
18,GMC,234,5,0.6098,1.5249,1.8051,dinov3_large,256
19,Geo,44,1,0.6583,,1.9355,dinov3_large,256
20,HUMMER,81,2,0.4968,0.7344,1.9025,dinov3_large,256
21,Honda,160,4,0.7613,1.3707,1.8266,dinov3_large,256
22,Hyundai,430,11,0.7057,1.4822,1.8669,dinov3_large,256
23,Infiniti,66,2,0.8048,1.6336,1.8323,dinov3_large,256
24,Isuzu,40,1,0.6048,,1.7785,dinov3_large,256
25,Jaguar,46,1,0.9852,,1.8256,dinov3_large,256
26,Jeep,218,5,0.5578,1.3420,1.8544,dinov3_large,256
27,Lamborghini,158,4,0.7349,0.9824,1.9189,dinov3_large,256
28,Land Rover,84,2,0.5722,1.0839,1.8194,dinov3_large,256
29,Lincoln,39,1,0.6130,,1.7989,dinov3_large,256
30,MINI,36,1,0.5453,,1.8980,dinov3_large,256
31,Maybach,29,1,0.8962,,1.7851,dinov3_large,256
32,Mazda,36,1,0.5336,,1.7470,dinov3_large,256
33,McLaren,44,1,0.6750,,1.8937,dinov3_large,256
34,Mercedes-Benz,256,6,0.6911,1.4041,1.8380,dinov3_large,256
35,Mitsubishi,47,1,0.6808,,1.8591,dinov3_large,256
36,Nissan,170,4,0.6918,1.9012,1.8975,dinov3_large,256
37,Plymouth,44,1,0.5759,,1.8781,dinov3_large,256
38,Porsche,43,1,0.9101,,1.8702,dinov3_large,256
39,Ram,40,1,0.7188,,1.7549,dinov3_large,256
40,Rolls-Royce,110,3,0.6024,0.7564,1.8055,dinov3_large,256
41,Scion,41,1,0.7072,,1.9089,dinov3_large,256
42,Spyker,84,2,0.8444,1.0496,1.8822,dinov3_large,256
43,Suzuki,166,4,0.8539,1.3918,1.8123,dinov3_large,256
44,Tesla,38,1,0.7757,,1.8431,dinov3_large,256
45,Toyota,161,4,0.6097,1.5068,1.8645,dinov3_large,256
46,Volkswagen,131,3,0.6459,1.8442,1.9032,dinov3_large,256
47,Volvo,129,3,0.7848,1.6646,1.8508,dinov3_large,256
48,smart,40,1,0.5776,,1.9359,dinov3_large,256
0,AM General,44,1,0.4937,,0.7971,clip_l,128
1,Acura,235,6,0.4128,0.5534,0.7093,clip_l,128
2,Aston Martin,153,4,0.4091,0.4392,0.7415,clip_l,128
3,Audi,551,14,0.4037,0.5319,0.7066,clip_l,128
4,BMW,519,13,0.3992,0.5041,0.6923,clip_l,128
5,Bentley,226,6,0.3811,0.4441,0.7110,clip_l,128
6,Bugatti,70,2,0.3221,0.3679,0.7587,clip_l,128
7,Buick,154,4,0.4460,0.6185,0.7159,clip_l,128
8,Cadillac,127,3,0.4002,0.5190,0.6875,clip_l,128
9,Chevrolet,884,22,0.4291,0.6174,0.7200,clip_l,128
10,Chrysler,256,6,0.4488,0.6391,0.7089,clip_l,128
11,Daewoo,45,1,0.5031,,0.7527,clip_l,128
12,Dodge,610,15,0.4180,0.6302,0.7258,clip_l,128
13,Eagle,46,1,0.4787,,0.7545,clip_l,128
14,FIAT,60,2,0.3509,0.4689,0.7794,clip_l,128
15,Ferrari,159,4,0.3232,0.3784,0.7470,clip_l,128
16,Fisker,43,1,0.4399,,0.7330,clip_l,128
17,Ford,513,12,0.4295,0.6512,0.7377,clip_l,128
18,GMC,234,5,0.4405,0.6240,0.7506,clip_l,128
19,Geo,44,1,0.4696,,0.7990,clip_l,128
20,HUMMER,81,2,0.4452,0.4876,0.7439,clip_l,128
21,Honda,160,4,0.4233,0.5697,0.7324,clip_l,128
22,Hyundai,430,11,0.4603,0.6100,0.7339,clip_l,128
23,Infiniti,66,2,0.3715,0.6095,0.6908,clip_l,128
24,Isuzu,40,1,0.4031,,0.7160,clip_l,128
25,Jaguar,46,1,0.4343,,0.7105,clip_l,128
26,Jeep,218,5,0.4329,0.5152,0.7409,clip_l,128
27,Lamborghini,158,4,0.3839,0.4628,0.7945,clip_l,128
28,Land Rover,84,2,0.4138,0.4865,0.7007,clip_l,128
29,Lincoln,39,1,0.4544,,0.7237,clip_l,128
30,MINI,36,1,0.3386,,0.7433,clip_l,128
31,Maybach,29,1,0.4765,,0.7252,clip_l,128
32,Mazda,36,1,0.4086,,0.7206,clip_l,128
33,McLaren,44,1,0.3550,,0.7567,clip_l,128
34,Mercedes-Benz,256,6,0.4122,0.5903,0.7094,clip_l,128
35,Mitsubishi,47,1,0.4840,,0.7250,clip_l,128
36,Nissan,170,4,0.4546,0.8467,0.7913,clip_l,128
37,Plymouth,44,1,0.4550,,0.7564,clip_l,128
38,Porsche,43,1,0.3834,,0.6948,clip_l,128
39,Ram,40,1,0.4528,,0.7504,clip_l,128
40,Rolls-Royce,110,3,0.3544,0.3895,0.7336,clip_l,128
41,Scion,41,1,0.5260,,0.7753,clip_l,128
42,Spyker,84,2,0.5177,0.5399,0.7600,clip_l,128
43,Suzuki,166,4,0.5220,0.6036,0.7231,clip_l,128
44,Tesla,38,1,0.2474,,0.7354,clip_l,128
45,Toyota,161,4,0.4018,0.5463,0.7089,clip_l,128
46,Volkswagen,131,3,0.4321,0.6676,0.7616,clip_l,128
47,Volvo,129,3,0.4232,0.6097,0.7323,clip_l,128
48,smart,40,1,0.3949,,0.8065,clip_l,128
0,AM General,44,1,0.5816,,0.9450,clip_l,256
1,Acura,235,6,0.4829,0.6598,0.8582,clip_l,256
2,Aston Martin,153,4,0.4665,0.5037,0.8935,clip_l,256
3,Audi,551,14,0.4824,0.6401,0.8554,clip_l,256
4,BMW,519,13,0.4807,0.6120,0.8403,clip_l,256
5,Bentley,226,6,0.4484,0.5270,0.8581,clip_l,256
6,Bugatti,70,2,0.3752,0.4315,0.9165,clip_l,256
7,Buick,154,4,0.5149,0.7215,0.8677,clip_l,256
8,Cadillac,127,3,0.4547,0.6115,0.8235,clip_l,256
9,Chevrolet,884,22,0.5069,0.7288,0.8596,clip_l,256
10,Chrysler,256,6,0.5289,0.7610,0.8552,clip_l,256
11,Daewoo,45,1,0.6382,,0.9263,clip_l,256
12,Dodge,610,15,0.4958,0.7509,0.8702,clip_l,256
13,Eagle,46,1,0.5437,,0.9104,clip_l,256
14,FIAT,60,2,0.4136,0.5662,0.9354,clip_l,256
15,Ferrari,159,4,0.3986,0.4677,0.9035,clip_l,256
16,Fisker,43,1,0.5205,,0.8870,clip_l,256
17,Ford,513,12,0.4984,0.7633,0.8790,clip_l,256
18,GMC,234,5,0.5132,0.7258,0.8840,clip_l,256
19,Geo,44,1,0.5596,,0.9598,clip_l,256
20,HUMMER,81,2,0.5106,0.5699,0.8840,clip_l,256
21,Honda,160,4,0.4923,0.6551,0.8745,clip_l,256
22,Hyundai,430,11,0.5283,0.7052,0.8787,clip_l,256
23,Infiniti,66,2,0.4290,0.7025,0.8368,clip_l,256
24,Isuzu,40,1,0.4836,,0.8717,clip_l,256
25,Jaguar,46,1,0.5277,,0.8691,clip_l,256
26,Jeep,218,5,0.4982,0.6038,0.8854,clip_l,256
27,Lamborghini,158,4,0.4613,0.5617,0.9581,clip_l,256
28,Land Rover,84,2,0.4806,0.5663,0.8380,clip_l,256
29,Lincoln,39,1,0.5511,,0.8751,clip_l,256
30,MINI,36,1,0.4118,,0.8971,clip_l,256
31,Maybach,29,1,0.5661,,0.8764,clip_l,256
32,Mazda,36,1,0.4773,,0.8664,clip_l,256
33,McLaren,44,1,0.4238,,0.9055,clip_l,256
34,Mercedes-Benz,256,6,0.4913,0.7006,0.8600,clip_l,256
35,Mitsubishi,47,1,0.5734,,0.8753,clip_l,256
36,Nissan,170,4,0.5292,1.0000,0.9459,clip_l,256
37,Plymouth,44,1,0.5473,,0.9227,clip_l,256
38,Porsche,43,1,0.4827,,0.8445,clip_l,256
39,Ram,40,1,0.5347,,0.8829,clip_l,256
40,Rolls-Royce,110,3,0.4233,0.4667,0.8846,clip_l,256
41,Scion,41,1,0.6073,,0.9201,clip_l,256
42,Spyker,84,2,0.6419,0.6661,0.9372,clip_l,256
43,Suzuki,166,4,0.6221,0.7253,0.8784,clip_l,256
44,Tesla,38,1,0.3024,,0.8693,clip_l,256
45,Toyota,161,4,0.4618,0.6298,0.8489,clip_l,256
46,Volkswagen,131,3,0.5061,0.7892,0.9094,clip_l,256
47,Volvo,129,3,0.4972,0.7244,0.8827,clip_l,256
48,smart,40,1,0.4743,,0.9639,clip_l,256
0,AM General,44,1,1.6405,,1.8320,sscd,128
1,Acura,235,6,1.7374,1.7847,1.8134,sscd,128
2,Aston Martin,153,4,1.7625,1.7938,1.8325,sscd,128
3,Audi,551,14,1.7367,1.7828,1.8139,sscd,128
4,BMW,519,13,1.7297,1.7832,1.8133,sscd,128
5,Bentley,226,6,1.7274,1.7851,1.8154,sscd,128
6,Bugatti,70,2,1.7495,1.8242,1.8478,sscd,128
7,Buick,154,4,1.7542,1.8112,1.8198,sscd,128
8,Cadillac,127,3,1.7216,1.7724,1.8016,sscd,128
9,Chevrolet,884,22,1.7306,1.8136,1.8213,sscd,128
10,Chrysler,256,6,1.7511,1.7924,1.8125,sscd,128
11,Daewoo,45,1,1.7490,,1.8191,sscd,128
12,Dodge,610,15,1.7330,1.8094,1.8210,sscd,128
13,Eagle,46,1,1.7955,,1.8448,sscd,128
14,FIAT,60,2,1.6755,1.8788,1.8520,sscd,128
15,Ferrari,159,4,1.7115,1.7597,1.8389,sscd,128
16,Fisker,43,1,1.7526,,1.8217,sscd,128
17,Ford,513,12,1.7309,1.7997,1.8180,sscd,128
18,GMC,234,5,1.7270,1.7906,1.8191,sscd,128
19,Geo,44,1,1.6923,,1.8360,sscd,128
20,HUMMER,81,2,1.6905,1.7055,1.8254,sscd,128
21,Honda,160,4,1.7186,1.7604,1.8008,sscd,128
22,Hyundai,430,11,1.7422,1.7966,1.8176,sscd,128
23,Infiniti,66,2,1.6777,1.7388,1.7971,sscd,128
24,Isuzu,40,1,1.6628,,1.7989,sscd,128
25,Jaguar,46,1,1.8243,,1.8520,sscd,128
26,Jeep,218,5,1.7397,1.7903,1.8325,sscd,128
27,Lamborghini,158,4,1.7195,1.7878,1.8394,sscd,128
28,Land Rover,84,2,1.7614,1.7945,1.8261,sscd,128
29,Lincoln,39,1,1.7404,,1.8058,sscd,128
30,MINI,36,1,1.6665,,1.8461,sscd,128
31,Maybach,29,1,1.6772,,1.8290,sscd,128
32,Mazda,36,1,1.6548,,1.7898,sscd,128
33,McLaren,44,1,1.7059,,1.8402,sscd,128
34,Mercedes-Benz,256,6,1.7315,1.8208,1.8246,sscd,128
35,Mitsubishi,47,1,1.7966,,1.8287,sscd,128
36,Nissan,170,4,1.7906,1.8607,1.8385,sscd,128
37,Plymouth,44,1,1.7532,,1.8459,sscd,128
38,Porsche,43,1,1.8198,,1.8460,sscd,128
39,Ram,40,1,1.6680,,1.8048,sscd,128
40,Rolls-Royce,110,3,1.7809,1.8035,1.8295,sscd,128
41,Scion,41,1,1.8183,,1.8356,sscd,128
42,Spyker,84,2,1.7936,1.8249,1.8455,sscd,128
43,Suzuki,166,4,1.7856,1.8190,1.8273,sscd,128
44,Tesla,38,1,1.6845,,1.7883,sscd,128
45,Toyota,161,4,1.7121,1.7664,1.7993,sscd,128
46,Volkswagen,131,3,1.7755,1.8540,1.8350,sscd,128
47,Volvo,129,3,1.7310,1.8295,1.8236,sscd,128
48,smart,40,1,1.7328,,1.8251,sscd,128
0,AM General,44,1,1.6728,,1.8692,sscd,256
1,Acura,235,6,1.7633,1.8141,1.8447,sscd,256
2,Aston Martin,153,4,1.7821,1.8158,1.8604,sscd,256
3,Audi,551,14,1.7647,1.8135,1.8462,sscd,256
4,BMW,519,13,1.7577,1.8159,1.8459,sscd,256
5,Bentley,226,6,1.7569,1.8185,1.8495,sscd,256
6,Bugatti,70,2,1.7696,1.8490,1.8773,sscd,256
7,Buick,154,4,1.7726,1.8337,1.8472,sscd,256
8,Cadillac,127,3,1.7538,1.8089,1.8354,sscd,256
9,Chevrolet,884,22,1.7573,1.8446,1.8527,sscd,256
10,Chrysler,256,6,1.7791,1.8224,1.8437,sscd,256
11,Daewoo,45,1,1.7903,,1.8549,sscd,256
12,Dodge,610,15,1.7564,1.8384,1.8515,sscd,256
13,Eagle,46,1,1.8130,,1.8708,sscd,256
14,FIAT,60,2,1.7011,1.9192,1.8866,sscd,256
15,Ferrari,159,4,1.7306,1.7810,1.8686,sscd,256
16,Fisker,43,1,1.7791,,1.8543,sscd,256
17,Ford,513,12,1.7558,1.8304,1.8493,sscd,256
18,GMC,234,5,1.7494,1.8177,1.8488,sscd,256
19,Geo,44,1,1.7192,,1.8682,sscd,256
20,HUMMER,81,2,1.7170,1.7338,1.8594,sscd,256
21,Honda,160,4,1.7459,1.7904,1.8321,sscd,256
22,Hyundai,430,11,1.7677,1.8269,1.8485,sscd,256
23,Infiniti,66,2,1.7030,1.7681,1.8295,sscd,256
24,Isuzu,40,1,1.6925,,1.8326,sscd,256
25,Jaguar,46,1,1.8457,,1.8795,sscd,256
26,Jeep,218,5,1.7602,1.8126,1.8617,sscd,256
27,Lamborghini,158,4,1.7422,1.8144,1.8719,sscd,256
28,Land Rover,84,2,1.7815,1.8177,1.8541,sscd,256
29,Lincoln,39,1,1.7738,,1.8386,sscd,256
30,MINI,36,1,1.6894,,1.8763,sscd,256
31,Maybach,29,1,1.7124,,1.8630,sscd,256
32,Mazda,36,1,1.6759,,1.8210,sscd,256
33,McLaren,44,1,1.7220,,1.8670,sscd,256
34,Mercedes-Benz,256,6,1.7639,1.8536,1.8570,sscd,256
35,Mitsubishi,47,1,1.8202,,1.8573,sscd,256
36,Nissan,170,4,1.8106,1.8860,1.8662,sscd,256
37,Plymouth,44,1,1.7710,,1.8755,sscd,256
38,Porsche,43,1,1.8378,,1.8731,sscd,256
39,Ram,40,1,1.7042,,1.8403,sscd,256
40,Rolls-Royce,110,3,1.8040,1.8271,1.8592,sscd,256
41,Scion,41,1,1.8409,,1.8630,sscd,256
42,Spyker,84,2,1.8156,1.8488,1.8739,sscd,256
43,Suzuki,166,4,1.8041,1.8419,1.8547,sscd,256
44,Tesla,38,1,1.7205,,1.8231,sscd,256
45,Toyota,161,4,1.7395,1.7985,1.8310,sscd,256
46,Volkswagen,131,3,1.7967,1.8848,1.8658,sscd,256
47,Volvo,129,3,1.7504,1.8565,1.8530,sscd,256
48,smart,40,1,1.7646,,1.8561,sscd,256
