make_id,khat_error,ari_seeds,ari_boot,ari_boot_lo,ari_boot_hi
0,1.0,,,,
1,,0.8293419998354247,0.7852963096049982,,
2,,0.9703643285032119,0.7279137462839163,,
3,,0.7514546490206092,0.7610226611353805,,
4,,0.963261161752914,0.8809921022214716,,
5,,0.6716006919993188,0.6291273564577514,,
6,,1.0,0.9538066042382891,,
7,,0.7723780430768533,0.8651851392598975,,
8,,1.0,1.0,,
9,,0.9173054265692461,0.885909355545311,,
10,,1.0,0.9990520824933542,,
11,2.0,,,,
12,,0.9559697314143366,0.9374423837289833,,
13,1.0,,,,
14,,1.0,0.8327971089016563,,
15,,0.9310335860155247,0.8098117930691784,,
16,1.0,,,,
17,,1.0,0.9399657455910846,,
18,,1.0,0.9926228315694061,,
19,2.0,,,,
20,,1.0,0.743989268124268,,
21,,0.9378708095651479,0.8465199634065064,,
22,,0.9535507113618363,0.9306984926035561,,
23,,1.0,1.0,,
24,2.0,,,,
25,1.0,,,,
26,,1.0,0.9049783495657204,,
27,,0.9540111051872376,0.8623460626745396,,
28,,1.0,0.9761871841492165,,
29,1.0,,,,
30,1.0,,,,
31,1.0,,,,
32,2.0,,,,
33,1.0,,,,
34,,0.9904953269206355,0.8961115296081525,,
35,1.0,,,,
36,,1.0,0.9969313551815766,,
37,1.0,,,,
38,1.0,,,,
39,3.0,,,,
40,,0.9484873654739131,0.8511823769937765,,
41,2.0,,,,
42,,1.0,0.6045319107316844,,
43,,0.9781565677513314,0.8890652342830752,,
44,1.0,,,,
45,,1.0,0.9314862858213704,,
46,,1.0,1.0,,
47,,1.0,0.8973561973893188,,
48,5.0,,,,
macro,1.5789473684210527,0.950842716814918,0.877744314354448,0.8215708055858522,0.9163472771505113
