group,metric,mean,lo,hi,n
43,acc_dinov3_base,0.9578313253012049,0.9216867469879518,0.9879518072289156,166
43,acc_gram_vgg16,0.6987951807228916,0.6265060240963856,0.7650602409638554,166
43,acc_gram_dinov3_base,0.7289156626506024,0.6566265060240963,0.7951807228915663,166
43,acc_dinov3_base+gram_vgg16,0.9397590361445783,0.9036144578313253,0.9698795180722891,166
43,acc_gram_vgg16_nocolour,0.7048192771084337,0.6325301204819277,0.7710843373493976,166
43,acc_dinov3_base+gram_dinov3_base,0.9216867469879518,0.8795180722891566,0.9578313253012049,166
43,acc_gram_dinov3_base_nocolour,0.7650602409638554,0.6987951807228916,0.8253012048192772,166
43,gain_gram_vgg16,-0.018072289156626505,-0.04819277108433735,0.006024096385542169,166
43,gain_gram_dinov3_base,-0.03614457831325301,-0.06626506024096386,-0.012048192771084338,166
15,acc_dinov3_base,0.9182389937106918,0.8742138364779874,0.9559748427672956,159
15,acc_gram_vgg16,0.7295597484276729,0.6540880503144654,0.7924528301886793,159
15,acc_gram_dinov3_base,0.7547169811320755,0.6855345911949685,0.8176100628930818,159
15,acc_dinov3_base+gram_vgg16,0.8679245283018868,0.8113207547169812,0.9182389937106918,159
15,acc_gram_vgg16_nocolour,0.7295597484276729,0.6540880503144654,0.7987421383647799,159
15,acc_dinov3_base+gram_dinov3_base,0.89937106918239,0.8490566037735849,0.9433962264150944,159
15,acc_gram_dinov3_base_nocolour,0.7672955974842768,0.6918238993710691,0.8301886792452831,159
15,gain_gram_vgg16,-0.050314465408805034,-0.10062893081761007,-0.006289308176100629,159
15,gain_gram_dinov3_base,-0.018867924528301886,-0.05660377358490566,0.018867924528301886,159
26,acc_dinov3_base,0.9678899082568807,0.944954128440367,0.9908256880733946,218
26,acc_gram_vgg16,0.7522935779816514,0.6926605504587156,0.8073394495412844,218
26,acc_gram_dinov3_base,0.8761467889908257,0.8256880733944955,0.9174311926605505,218
26,acc_dinov3_base+gram_vgg16,0.9587155963302753,0.9310779816513761,0.981651376146789,218
26,acc_gram_vgg16_nocolour,0.7798165137614679,0.7200688073394496,0.8348623853211009,218
26,acc_dinov3_base+gram_dinov3_base,0.963302752293578,0.9357798165137615,0.9862385321100917,218
26,acc_gram_dinov3_base_nocolour,0.8623853211009175,0.8119266055045872,0.908256880733945,218
26,gain_gram_vgg16,-0.009174311926605505,-0.022935779816513763,0.0,218
26,gain_gram_dinov3_base,-0.0045871559633027525,-0.013761467889908258,0.0,218
45,acc_dinov3_base,1.0,1.0,1.0,161
45,acc_gram_vgg16,0.8136645962732919,0.7515527950310559,0.8695652173913043,161
45,acc_gram_dinov3_base,0.8819875776397516,0.8322981366459627,0.9316770186335404,161
45,acc_dinov3_base+gram_vgg16,0.9875776397515528,0.968944099378882,1.0,161
45,acc_gram_vgg16_nocolour,0.7888198757763976,0.7267080745341615,0.8509316770186336,161
45,acc_dinov3_base+gram_dinov3_base,0.9937888198757764,0.9813664596273292,1.0,161
45,acc_gram_dinov3_base_nocolour,0.8695652173913043,0.8136645962732919,0.9192546583850931,161
45,gain_gram_vgg16,-0.012422360248447204,-0.031055900621118012,0.0,161
45,gain_gram_dinov3_base,-0.006211180124223602,-0.018633540372670808,0.0,161
10,acc_dinov3_base,0.99609375,0.98828125,1.0,256
10,acc_gram_vgg16,0.73046875,0.67578125,0.7813476562499999,256
10,acc_gram_dinov3_base,0.90234375,0.86328125,0.9375,256
10,acc_dinov3_base+gram_vgg16,0.99609375,0.98828125,1.0,256
10,acc_gram_vgg16_nocolour,0.74609375,0.6875,0.796875,256
10,acc_dinov3_base+gram_dinov3_base,0.99609375,0.98828125,1.0,256
10,acc_gram_dinov3_base_nocolour,0.890625,0.8515625,0.9296875,256
10,gain_gram_vgg16,0.0,0.0,0.0,256
10,gain_gram_dinov3_base,0.0,0.0,0.0,256
18,acc_dinov3_base,0.9957264957264957,0.9871794871794872,1.0,234
18,acc_gram_vgg16,0.8547008547008547,0.811965811965812,0.9017094017094017,234
18,acc_gram_dinov3_base,0.9401709401709402,0.9102564102564102,0.9700854700854701,234
18,acc_dinov3_base+gram_vgg16,0.9957264957264957,0.9871794871794872,1.0,234
18,acc_gram_vgg16_nocolour,0.8076923076923077,0.7606837606837606,0.8547008547008547,234
18,acc_dinov3_base+gram_dinov3_base,0.9957264957264957,0.9871794871794872,1.0,234
18,acc_gram_dinov3_base_nocolour,0.9444444444444444,0.9145299145299145,0.9743589743589743,234
18,gain_gram_vgg16,0.0,0.0,0.0,234
18,gain_gram_dinov3_base,0.0,0.0,0.0,234
34,acc_dinov3_base,0.99609375,0.98828125,1.0,256
34,acc_gram_vgg16,0.75,0.6953125,0.80078125,256
34,acc_gram_dinov3_base,0.875,0.83203125,0.9102539062499999,256
34,acc_dinov3_base+gram_vgg16,0.9921875,0.98046875,1.0,256
34,acc_gram_vgg16_nocolour,0.734375,0.67578125,0.78515625,256
34,acc_dinov3_base+gram_dinov3_base,0.98828125,0.97265625,1.0,256
34,acc_gram_dinov3_base_nocolour,0.8671875,0.82421875,0.90625,256
34,gain_gram_vgg16,-0.00390625,-0.01171875,0.0,256
34,gain_gram_dinov3_base,-0.0078125,-0.01953125,0.0,256
4,acc_dinov3_base,0.9595375722543352,0.9421965317919075,0.9749518304431599,519
4,acc_gram_vgg16,0.6204238921001927,0.581888246628131,0.6628131021194605,519
4,acc_gram_dinov3_base,0.674373795761079,0.6339113680154143,0.7129576107899808,519
4,acc_dinov3_base+gram_vgg16,0.9421965317919075,0.9209537572254335,0.9614643545279383,519
4,acc_gram_vgg16_nocolour,0.626204238921002,0.5876204238921002,0.6666666666666666,519
4,acc_dinov3_base+gram_dinov3_base,0.9325626204238922,0.9113198458574181,0.953757225433526,519
4,acc_gram_dinov3_base_nocolour,0.6782273603082851,0.6396917148362236,0.7168111753371869,519
4,gain_gram_vgg16,-0.017341040462427744,-0.03473025048169556,-0.0019267822736030828,519
4,gain_gram_dinov3_base,-0.02697495183044316,-0.04431599229287091,-0.011560693641618497,519
9,acc_dinov3_base,0.9027149321266968,0.8812217194570136,0.9219457013574661,884
9,acc_gram_vgg16,0.5610859728506787,0.5282805429864253,0.5938914027149321,884
9,acc_gram_dinov3_base,0.6990950226244343,0.6685237556561086,0.7296380090497737,884
9,acc_dinov3_base+gram_vgg16,0.8676470588235294,0.8438914027149321,0.889168552036199,884
9,acc_gram_vgg16_nocolour,0.5588235294117647,0.5282805429864253,0.5893947963800905,884
9,acc_dinov3_base+gram_dinov3_base,0.8789592760180995,0.8552036199095022,0.9015837104072398,884
9,acc_gram_dinov3_base_nocolour,0.7104072398190046,0.6809671945701358,0.7420814479638009,884
9,gain_gram_vgg16,-0.03506787330316742,-0.05090497737556561,-0.01809954751131222,884
9,gain_gram_dinov3_base,-0.023755656108597284,-0.04072398190045249,-0.00904977375565611,884
7,acc_dinov3_base,0.9935064935064936,0.9805194805194806,1.0,154
7,acc_gram_vgg16,0.8181818181818182,0.7532467532467533,0.8766233766233766,154
7,acc_gram_dinov3_base,0.9090909090909091,0.8636363636363636,0.9545454545454546,154
7,acc_dinov3_base+gram_vgg16,0.9935064935064936,0.9805194805194806,1.0,154
7,acc_gram_vgg16_nocolour,0.8051948051948052,0.7402597402597403,0.8636363636363636,154
7,acc_dinov3_base+gram_dinov3_base,0.9935064935064936,0.9805194805194806,1.0,154
7,acc_gram_dinov3_base_nocolour,0.9025974025974026,0.8571428571428571,0.948051948051948,154
7,gain_gram_vgg16,0.0,0.0,0.0,154
7,gain_gram_dinov3_base,0.0,0.0,0.0,154
17,acc_dinov3_base,0.9961013645224172,0.9902534113060428,1.0,513
17,acc_gram_vgg16,0.732943469785575,0.6939571150097466,0.7660818713450293,513
17,acc_gram_dinov3_base,0.9551656920077972,0.935672514619883,0.9727095516569201,513
17,acc_dinov3_base+gram_vgg16,0.9961013645224172,0.9902534113060428,1.0,513
17,acc_gram_vgg16_nocolour,0.7582846003898636,0.7192982456140351,0.7934210526315789,513
17,acc_dinov3_base+gram_dinov3_base,0.9961013645224172,0.9902534113060428,1.0,513
17,acc_gram_dinov3_base_nocolour,0.9512670565302144,0.9317738791423001,0.9688109161793372,513
17,gain_gram_vgg16,0.0,0.0,0.0,513
17,gain_gram_dinov3_base,0.0,0.0,0.0,513
22,acc_dinov3_base,0.9697674418604652,0.9534883720930233,0.9837209302325581,430
22,acc_gram_vgg16,0.627906976744186,0.5836627906976743,0.6744186046511628,430
22,acc_gram_dinov3_base,0.813953488372093,0.7790697674418605,0.8511627906976744,430
22,acc_dinov3_base+gram_vgg16,0.9627906976744186,0.946453488372093,0.9790697674418605,430
22,acc_gram_vgg16_nocolour,0.6116279069767442,0.5674418604651162,0.6581395348837209,430
22,acc_dinov3_base+gram_dinov3_base,0.9604651162790697,0.9418604651162791,0.9767441860465116,430
22,acc_gram_dinov3_base_nocolour,0.7883720930232558,0.7488372093023256,0.8255813953488372,430
22,gain_gram_vgg16,-0.0069767441860465115,-0.01627906976744186,0.002325581395348837,430
22,gain_gram_dinov3_base,-0.009302325581395349,-0.018604651162790697,-0.002325581395348837,430
12,acc_dinov3_base,0.9773462783171522,0.9644012944983819,0.988673139158576,618
12,acc_gram_vgg16,0.6909385113268608,0.6537216828478964,0.7281553398058253,618
12,acc_gram_dinov3_base,0.8025889967637541,0.7686084142394822,0.8333333333333334,618
12,acc_dinov3_base+gram_vgg16,0.9579288025889967,0.941747572815534,0.9741100323624595,618
12,acc_gram_vgg16_nocolour,0.6941747572815534,0.6585760517799353,0.7281957928802588,618
12,acc_dinov3_base+gram_dinov3_base,0.9692556634304207,0.9546925566343042,0.982200647249191,618
12,acc_gram_dinov3_base_nocolour,0.8171521035598706,0.7864077669902912,0.8478964401294499,618
12,gain_gram_vgg16,-0.019417475728155338,-0.030744336569579287,-0.009708737864077669,618
12,gain_gram_dinov3_base,-0.008090614886731391,-0.016181229773462782,0.0,618
28,acc_dinov3_base,0.9880952380952381,0.9642857142857143,1.0,84
28,acc_gram_vgg16,0.7380952380952381,0.6428571428571429,0.8333333333333334,84
28,acc_gram_dinov3_base,0.8452380952380952,0.7619047619047619,0.9166666666666666,84
28,acc_dinov3_base+gram_vgg16,0.9761904761904762,0.9404761904761905,1.0,84
28,acc_gram_vgg16_nocolour,0.75,0.6547619047619048,0.8452380952380952,84
28,acc_dinov3_base+gram_dinov3_base,0.9761904761904762,0.9404761904761905,1.0,84
28,acc_gram_dinov3_base_nocolour,0.8690476190476191,0.7976190476190477,0.9404761904761905,84
28,gain_gram_vgg16,-0.011904761904761904,-0.03571428571428571,0.0,84
28,gain_gram_dinov3_base,-0.011904761904761904,-0.03571428571428571,0.0,84
3,acc_dinov3_base,0.8729582577132486,0.8475499092558983,0.8983666061705989,551
3,acc_gram_vgg16,0.4573502722323049,0.41560798548094374,0.49550816696914696,551
3,acc_gram_dinov3_base,0.5716878402903811,0.5281306715063521,0.6116152450090744,551
3,acc_dinov3_base+gram_vgg16,0.8257713248638838,0.79491833030853,0.8548094373865699,551
3,acc_gram_vgg16_nocolour,0.47731397459165154,0.4355716878402904,0.515426497277677,551
3,acc_dinov3_base+gram_dinov3_base,0.8257713248638838,0.7931034482758621,0.8566243194192378,551
3,acc_gram_dinov3_base_nocolour,0.5644283121597096,0.5226860254083484,0.604355716878403,551
3,gain_gram_vgg16,-0.047186932849364795,-0.07259528130671507,-0.023593466424682397,551
3,gain_gram_dinov3_base,-0.047186932849364795,-0.07259528130671507,-0.023548094373865743,551
27,acc_dinov3_base,1.0,1.0,1.0,158
27,acc_gram_vgg16,0.8164556962025317,0.7468354430379747,0.8734177215189873,158
27,acc_gram_dinov3_base,0.8164556962025317,0.759493670886076,0.8734177215189873,158
27,acc_dinov3_base+gram_vgg16,0.9367088607594937,0.8985759493670886,0.9683544303797469,158
27,acc_gram_vgg16_nocolour,0.8544303797468354,0.7911392405063291,0.9113924050632911,158
27,acc_dinov3_base+gram_dinov3_base,0.9936708860759493,0.9808544303797468,1.0,158
27,acc_gram_dinov3_base_nocolour,0.8544303797468354,0.8037974683544303,0.9113924050632911,158
27,gain_gram_vgg16,-0.06329113924050633,-0.10142405063291138,-0.03164556962025317,158
27,gain_gram_dinov3_base,-0.006329113924050633,-0.019145569620253156,0.0,158
1,acc_dinov3_base,0.9574468085106383,0.9319148936170213,0.9787234042553191,235
1,acc_gram_vgg16,0.6680851063829787,0.6042553191489362,0.723404255319149,235
1,acc_gram_dinov3_base,0.7276595744680852,0.6680851063829787,0.7788297872340425,235
1,acc_dinov3_base+gram_vgg16,0.948936170212766,0.9191489361702128,0.9744680851063829,235
1,acc_gram_vgg16_nocolour,0.6425531914893617,0.5829787234042553,0.7021276595744681,235
1,acc_dinov3_base+gram_dinov3_base,0.9531914893617022,0.9275531914893617,0.9787234042553191,235
1,acc_gram_dinov3_base_nocolour,0.723404255319149,0.6638297872340425,0.7829787234042553,235
1,gain_gram_vgg16,-0.00851063829787234,-0.02127659574468085,0.0,235
1,gain_gram_dinov3_base,-0.00425531914893617,-0.02127659574468085,0.00851063829787234,235
46,acc_dinov3_base,1.0,1.0,1.0,131
46,acc_gram_vgg16,0.9083969465648855,0.8625954198473282,0.9541984732824428,131
46,acc_gram_dinov3_base,0.9770992366412213,0.9465648854961832,1.0,131
46,acc_dinov3_base+gram_vgg16,1.0,1.0,1.0,131
46,acc_gram_vgg16_nocolour,0.8702290076335878,0.8091603053435115,0.9236641221374046,131
46,acc_dinov3_base+gram_dinov3_base,1.0,1.0,1.0,131
46,acc_gram_dinov3_base_nocolour,0.9694656488549618,0.9389312977099237,0.9923664122137404,131
46,gain_gram_vgg16,0.0,0.0,0.0,131
46,gain_gram_dinov3_base,0.0,0.0,0.0,131
36,acc_dinov3_base,1.0,1.0,1.0,170
36,acc_gram_vgg16,0.9117647058823529,0.8705882352941177,0.9529411764705882,170
36,acc_gram_dinov3_base,0.9764705882352941,0.9529411764705882,0.9941176470588236,170
36,acc_dinov3_base+gram_vgg16,1.0,1.0,1.0,170
36,acc_gram_vgg16_nocolour,0.9117647058823529,0.8647058823529412,0.9529411764705882,170
36,acc_dinov3_base+gram_dinov3_base,1.0,1.0,1.0,170
36,acc_gram_dinov3_base_nocolour,0.9764705882352941,0.9529411764705882,0.9941176470588236,170
36,gain_gram_vgg16,0.0,0.0,0.0,170
36,gain_gram_dinov3_base,0.0,0.0,0.0,170
47,acc_dinov3_base,1.0,1.0,1.0,129
47,acc_gram_vgg16,0.9302325581395349,0.8837209302325582,0.9689922480620154,129
47,acc_gram_dinov3_base,0.9767441860465116,0.9457364341085271,1.0,129
47,acc_dinov3_base+gram_vgg16,1.0,1.0,1.0,129
47,acc_gram_vgg16_nocolour,0.9302325581395349,0.8837209302325582,0.9689922480620154,129
47,acc_dinov3_base+gram_dinov3_base,1.0,1.0,1.0,129
47,acc_gram_dinov3_base_nocolour,0.9844961240310077,0.9612403100775194,1.0,129
47,gain_gram_vgg16,0.0,0.0,0.0,129
47,gain_gram_dinov3_base,0.0,0.0,0.0,129
5,acc_dinov3_base,0.9655172413793104,0.9396551724137931,0.9870689655172413,232
5,acc_gram_vgg16,0.6551724137931034,0.5948275862068966,0.7198275862068966,232
5,acc_gram_dinov3_base,0.7370689655172413,0.6810344827586207,0.7931034482758621,232
5,acc_dinov3_base+gram_vgg16,0.9439655172413793,0.9137931034482759,0.9741379310344828,232
5,acc_gram_vgg16_nocolour,0.6853448275862069,0.6248922413793103,0.7456896551724138,232
5,acc_dinov3_base+gram_dinov3_base,0.9525862068965517,0.9224137931034483,0.978448275862069,232
5,acc_gram_dinov3_base_nocolour,0.7543103448275862,0.6982758620689655,0.8060344827586207,232
5,gain_gram_vgg16,-0.021551724137931036,-0.04310344827586207,-0.004310344827586207,232
5,gain_gram_dinov3_base,-0.01293103448275862,-0.034482758620689655,0.004310344827586207,232
42,acc_dinov3_base,0.9642857142857143,0.9166666666666666,1.0,84
42,acc_gram_vgg16,0.7619047619047619,0.6666666666666666,0.8571428571428571,84
42,acc_gram_dinov3_base,0.7619047619047619,0.6666666666666666,0.8571428571428571,84
42,acc_dinov3_base+gram_vgg16,0.9642857142857143,0.9166666666666666,1.0,84
42,acc_gram_vgg16_nocolour,0.7142857142857143,0.6071428571428571,0.8095238095238095,84
42,acc_dinov3_base+gram_dinov3_base,0.9642857142857143,0.9285714285714286,1.0,84
42,acc_gram_dinov3_base_nocolour,0.8333333333333334,0.75,0.9047619047619048,84
42,gain_gram_vgg16,0.0,-0.03571428571428571,0.03571428571428571,84
42,gain_gram_dinov3_base,0.0,-0.03571428571428571,0.03571428571428571,84
21,acc_dinov3_base,0.96875,0.9375,0.99375,160
21,acc_gram_vgg16,0.7375,0.6625,0.8,160
21,acc_gram_dinov3_base,0.84375,0.7875,0.9,160
21,acc_dinov3_base+gram_vgg16,0.9625,0.93125,0.9875,160
21,acc_gram_vgg16_nocolour,0.75,0.6875,0.81875,160
21,acc_dinov3_base+gram_dinov3_base,0.96875,0.9375,0.99375,160
21,acc_gram_dinov3_base_nocolour,0.81875,0.76234375,0.8751562499999999,160
21,gain_gram_vgg16,-0.00625,-0.01875,0.0,160
21,gain_gram_dinov3_base,0.0,0.0,0.0,160
8,acc_dinov3_base,1.0,1.0,1.0,127
8,acc_gram_vgg16,0.889763779527559,0.8346456692913385,0.9448818897637795,127
8,acc_gram_dinov3_base,0.968503937007874,0.937007874015748,0.9921259842519685,127
8,acc_dinov3_base+gram_vgg16,1.0,1.0,1.0,127
8,acc_gram_vgg16_nocolour,0.8740157480314961,0.8110236220472441,0.9291338582677166,127
8,acc_dinov3_base+gram_dinov3_base,1.0,1.0,1.0,127
8,acc_gram_dinov3_base_nocolour,0.952755905511811,0.9133858267716536,0.984251968503937,127
8,gain_gram_vgg16,0.0,0.0,0.0,127
8,gain_gram_dinov3_base,0.0,0.0,0.0,127
6,acc_dinov3_base,0.8714285714285714,0.7857142857142857,0.9428571428571428,70
6,acc_gram_vgg16,0.8142857142857143,0.7285714285714285,0.9,70
6,acc_gram_dinov3_base,0.8285714285714286,0.7428571428571429,0.9142857142857143,70
6,acc_dinov3_base+gram_vgg16,0.8571428571428571,0.7857142857142857,0.9285714285714286,70
6,acc_gram_vgg16_nocolour,0.8142857142857143,0.7285714285714285,0.9,70
6,acc_dinov3_base+gram_dinov3_base,0.8285714285714286,0.7428571428571429,0.9142857142857143,70
6,acc_gram_dinov3_base_nocolour,0.7571428571428571,0.6571428571428571,0.8571428571428571,70
6,gain_gram_vgg16,-0.014285714285714285,-0.08571428571428572,0.05714285714285714,70
6,gain_gram_dinov3_base,-0.04285714285714286,-0.1,0.014285714285714285,70
2,acc_dinov3_base,0.7777777777777778,0.7124183006535948,0.8496732026143791,153
2,acc_gram_vgg16,0.6274509803921569,0.5553921568627451,0.7058823529411765,153
2,acc_gram_dinov3_base,0.6078431372549019,0.5294117647058824,0.6862745098039216,153
2,acc_dinov3_base+gram_vgg16,0.8104575163398693,0.7516339869281046,0.8758169934640523,153
2,acc_gram_vgg16_nocolour,0.6209150326797386,0.5488562091503268,0.6993464052287581,153
2,acc_dinov3_base+gram_dinov3_base,0.7777777777777778,0.7124183006535948,0.8431372549019608,153
2,acc_gram_dinov3_base_nocolour,0.5882352941176471,0.5098039215686274,0.6666666666666666,153
2,gain_gram_vgg16,0.032679738562091505,-0.026143790849673203,0.0915032679738562,153
2,gain_gram_dinov3_base,0.0,-0.06535947712418301,0.06535947712418301,153
20,acc_dinov3_base,0.9629629629629629,0.9135802469135802,1.0,81
20,acc_gram_vgg16,0.7160493827160493,0.6172839506172839,0.8148148148148148,81
20,acc_gram_dinov3_base,0.8271604938271605,0.7407407407407407,0.9012345679012346,81
20,acc_dinov3_base+gram_vgg16,0.9629629629629629,0.9135802469135802,1.0,81
20,acc_gram_vgg16_nocolour,0.7283950617283951,0.6172839506172839,0.8271604938271605,81
20,acc_dinov3_base+gram_dinov3_base,0.9629629629629629,0.9135802469135802,1.0,81
20,acc_gram_dinov3_base_nocolour,0.8271604938271605,0.7407407407407407,0.9012345679012346,81
20,gain_gram_vgg16,0.0,0.0,0.0,81
20,gain_gram_dinov3_base,0.0,0.0,0.0,81
40,acc_dinov3_base,0.9181818181818182,0.8724999999999999,0.9727272727272728,110
40,acc_gram_vgg16,0.7454545454545455,0.6545454545454545,0.8272727272727273,110
40,acc_gram_dinov3_base,0.7272727272727273,0.6454545454545455,0.8181818181818182,110
40,acc_dinov3_base+gram_vgg16,0.9272727272727272,0.8818181818181818,0.9727272727272728,110
40,acc_gram_vgg16_nocolour,0.7272727272727273,0.6361363636363636,0.8090909090909091,110
40,acc_dinov3_base+gram_dinov3_base,0.8909090909090909,0.8363636363636363,0.9454545454545454,110
40,acc_gram_dinov3_base_nocolour,0.7090909090909091,0.6272727272727273,0.7909090909090909,110
40,gain_gram_vgg16,0.00909090909090909,-0.03636363636363636,0.05454545454545454,110
40,gain_gram_dinov3_base,-0.02727272727272727,-0.07272727272727272,0.00909090909090909,110
23,acc_dinov3_base,1.0,1.0,1.0,66
23,acc_gram_vgg16,0.9090909090909091,0.8333333333333334,0.9696969696969697,66
23,acc_gram_dinov3_base,0.9696969696969697,0.9242424242424242,1.0,66
23,acc_dinov3_base+gram_vgg16,1.0,1.0,1.0,66
23,acc_gram_vgg16_nocolour,0.9545454545454546,0.8939393939393939,1.0,66
23,acc_dinov3_base+gram_dinov3_base,1.0,1.0,1.0,66
23,acc_gram_dinov3_base_nocolour,0.9696969696969697,0.9242424242424242,1.0,66
23,gain_gram_vgg16,0.0,0.0,0.0,66
23,gain_gram_dinov3_base,0.0,0.0,0.0,66
14,acc_dinov3_base,1.0,1.0,1.0,60
14,acc_gram_vgg16,1.0,1.0,1.0,60
14,acc_gram_dinov3_base,1.0,1.0,1.0,60
14,acc_dinov3_base+gram_vgg16,1.0,1.0,1.0,60
14,acc_gram_vgg16_nocolour,1.0,1.0,1.0,60
14,acc_dinov3_base+gram_dinov3_base,1.0,1.0,1.0,60
14,acc_gram_dinov3_base_nocolour,0.9833333333333333,0.95,1.0,60
14,gain_gram_vgg16,0.0,0.0,0.0,60
14,gain_gram_dinov3_base,0.0,0.0,0.0,60
macro,acc_dinov3_base,0.9626084231972704,0.9578825741083312,0.9677783122842745,30
macro,acc_gram_vgg16,0.7556005453253434,0.7442811912226953,0.7664238443855494,30
macro,acc_gram_dinov3_base,0.8325559081126485,0.8238172663797599,0.842315827484458,30
macro,acc_dinov3_base+gram_vgg16,0.9524783207478227,0.9468458817811702,0.9583640461510909,30
macro,acc_gram_vgg16_nocolour,0.7550356802946928,0.7437633773245244,0.765720905416249,30
macro,acc_dinov3_base+gram_dinov3_base,0.9527922925380709,0.9475907445795663,0.9585876864202261,30
macro,acc_gram_dinov3_base_nocolour,0.8316712981833007,0.8227272828892381,0.841803178126461,30
macro,gain_gram_vgg16,-0.010130102449447712,-0.014773811658077785,-0.005790069310967103,30
macro,gain_gram_dinov3_base,-0.00981613065919969,-0.013784741185904066,-0.005701695796415231,30
