encoder,knn_make,knn_make_lo,knn_make_hi,probe_make,probe_make_lo,probe_make_hi,recall1,recall1_lo,recall1_hi,probe_fine,probe_fine_lo,probe_fine_hi,acc_oracle,acc_oracle_lo,acc_oracle_hi,nmi_oracle,nmi_oracle_lo,nmi_oracle_hi,ari_oracle,ari_oracle_lo,ari_oracle_hi,acc_khat,acc_khat_lo,acc_khat_hi,nmi_khat,nmi_khat_lo,nmi_khat_hi,ari_khat,ari_khat_lo,ari_khat_hi,khat,khat_lo,khat_hi,d0,d0_lo,d0_hi,d1,d1_lo,d1_hi,d2,d2_lo,d2_hi,d0/d1,d0/d1_lo,d0/d1_hi,d1/d2,d1/d2_lo,d1/d2_hi,eq1,eq1_lo,eq1_hi,eq2,eq2_lo,eq2_hi,var_ratio,var_ratio_lo,var_ratio_hi,pr_subclass,pr_subclass_lo,pr_subclass_hi,ari_seeds,ari_boot,khat_error,ari_boot_lo,ari_boot_hi
dinov3_base_128,0.936176092919681,0.9278108838286202,0.9442133499245894,0.9620889272618172,0.9552611711390115,0.9682637049948154,0.9414581388860196,0.9350618523680184,0.947389898208056,0.9659703770592368,0.9610493231248276,0.9705095364856976,0.710183279301384,0.6876791005415701,0.7357408145558682,0.5986177217971261,0.5788531579541135,0.6380800807366056,0.5131059287245064,0.4827693571839714,0.552954013802999,0.5987527513619494,0.5812210126229459,0.6374912986183547,0.5210293441606075,0.4958251115646627,0.5723669950679686,0.4159373236172107,0.3855527120829844,0.4588147647399812,5.366666666666666,4.966666666666667,6.666666666666667,0.8507763037876207,0.8447706872711377,0.856996764759628,1.3577091554800669,1.3522340749700863,1.363248181740443,1.8135516473225184,1.8118352909477389,1.8152211371125009,0.6446599463621775,0.6405388873815536,0.6488795088976622,0.7536073893308639,0.7509467470645905,0.7563368246455987,1.0,1.0,1.0,0.9666666666666668,0.9333333333333332,0.9666666666666668,0.7033984563778902,0.6991548517267319,0.7076837015023714,8.611439673105876,,,0.9410852381102524,0.8362478561950742,1.2105263157894737,0.7855058503865222,0.8784176100634616
dinov3_base_256,0.9492186420519312,0.9412608308443916,0.9564050668693874,0.9725832992555368,0.9664595543684048,0.978045980841496,0.9473019669767274,0.9410511456372456,0.9531653655618764,0.968608256606942,0.9636424215564388,0.9733610910185594,0.7172063369554171,0.6956816317580972,0.7459250071106633,0.613242001143186,0.5922147903752291,0.653079692509663,0.5260401897318636,0.4957406648929847,0.569251830407257,0.6187695106395714,0.5917840304928196,0.6441224489949415,0.5543428577673201,0.5168047820820617,0.5867484324553717,0.439216999288857,0.401679629030454,0.4721285490733491,6.5,5.233333333333333,6.800833333333332,0.8293216581247291,0.82290047905883,0.8354940637337919,1.3550709009170532,1.3495563868184883,1.3608834414184092,1.8342906796202367,1.8325492955592213,1.835878714797448,0.6301870435476303,0.6261195697635412,0.6346110270420711,0.7438695758581162,0.7411828186859687,0.7466465982546409,1.0,1.0,1.0,0.9666666666666668,0.9666666666666668,0.9666666666666668,0.6900747307517665,0.6857778775934186,0.6944952967909593,8.20242641766866,,,0.9240042014559416,0.8367586673636173,1.1578947368421053,0.8005604897075276,0.8892727513586122
dinov3_large_128,0.9680324942427384,0.961385767536679,0.9737848507077124,0.9805766154473124,0.9753379242332906,0.985148080479171,0.9409044391298954,0.934292706278126,0.947293771970137,0.9664819175593584,0.9613999366019714,0.9715480727607256,0.7920883865924087,0.752502421978505,0.79663617657114,0.7055156920233431,0.6619594887041295,0.7215461014640756,0.6414017472198249,0.5803387566749989,0.6533052285679447,0.6861574071192093,0.6585145774004931,0.7043396244900887,0.6305575018018396,0.6067266546384167,0.6630727906948061,0.5374791066631491,0.4940619564754458,0.5616684618857402,5.566666666666666,5.033333333333333,6.1,0.7208690582489481,0.7153943428731695,0.7261843150671647,1.3019226690133412,1.2971978123486043,1.3069001005589962,1.816818013483164,1.8156029805845144,1.817983228637248,0.5847449580828349,0.5804567318658034,0.5889044534415007,0.7190277298291524,0.7165889605879784,0.721527144263188,1.0,1.0,1.0,0.9666666666666668,0.9666666666666668,0.9666666666666668,0.6487322591083035,0.644344221601777,0.653145573804297,9.346089458465576,,,0.9328655360780412,0.8633813270110927,1.2105263157894737,0.7909543287162917,0.9010874202448949
dinov3_large_256,0.9727718736412322,0.9665473650708696,0.978139609557097,0.9826871099630604,0.977788296475584,0.9870396733157524,0.9475467760768091,0.9411438281128922,0.9532599362550234,0.9666737312169402,0.9615027305228282,0.971451073006806,0.7824061401128505,0.7609613397521167,0.8041072558504729,0.7032685317206522,0.6735625995553906,0.7308240193111306,0.634064378080833,0.5958272007217148,0.664653461020443,0.6979193007496033,0.6737602899289348,0.712932110482392,0.6495136093082886,0.6211713962034099,0.67491710135884,0.5505242293489819,0.5128713274822619,0.5755213636198558,5.433333333333334,5.2,6.2,0.7023146499176415,0.6967848022373355,0.7077757680294465,1.3030557652314505,1.298115693529447,1.3082959494491415,1.8443177257265364,1.8431719992841995,1.8453661816460745,0.5700517972310384,0.5657226023326318,0.5743756770590941,0.708737321694692,0.7062755223115285,0.7114184123029311,1.0,1.0,1.0,0.9666666666666668,0.9666666666666668,1.0,0.6346502221120223,0.63001286854189,0.639299615461595,8.920175631841024,,,0.9588158966546878,0.8863494994129805,1.5789473684210529,0.8225495691616066,0.9253336054748796
clip_l_128,0.8979060299469318,0.8883904618667162,0.9071850320436544,0.9352176659458687,0.9267870160836532,0.9429873789491467,0.8463080496020121,0.8377386621736483,0.8551288954707935,0.919027079766472,0.9116654461416696,0.9263330189391143,0.7044151601590711,0.6694507613186019,0.7180074329011251,0.5862158279535574,0.5550877880075974,0.6238929743867588,0.5101609587552294,0.4603616661271441,0.5424544706045198,0.5660020003250286,0.5411012597374778,0.5975332962533625,0.5338645592243039,0.4901265198205345,0.5645837691482658,0.4107678884915249,0.3595660624153743,0.4339179798785494,3.0,2.4,3.6008333333333327,0.423809420697543,0.4211913346179894,0.4268750342103291,0.5522127250830332,0.5497497029105822,0.5547024740775426,0.7371748710165218,0.7348337067025048,0.7393852510926674,0.7722588280836741,0.7694503139952819,0.7752137149870395,0.7557058960199357,0.7535519660264253,0.7578995333115259,1.0,1.0,1.0,0.9666666666666668,0.9666666666666668,0.9666666666666668,0.8173728702627401,0.8146156100397852,0.8201729077358797,18.955835342407227,,,0.8105205105445812,0.6579970568657841,0.631578947368421,0.6102120397579975,0.704911773686738
clip_l_256,0.9214819851051926,0.9135127518801528,0.9299610974269868,0.946863417880992,0.9389266870610314,0.9534181279650552,0.8556633776799506,0.8467254857111269,0.8644423948390184,0.9277456899564474,0.9207739165338888,0.9345507963635878,0.716926688085001,0.6784777544605161,0.728966211287905,0.6116982089961144,0.5721805592882176,0.6405462422451116,0.5407249709841775,0.4764563916005127,0.5583675056692342,0.5811381414022134,0.5491305760729093,0.6048507669125374,0.5562400903223206,0.5086840982915724,0.5807843889132847,0.4263908887864574,0.3750406173316522,0.4462001092837981,3.066666666666667,2.466666666666667,4.1,0.501526625180731,0.4983379719816908,0.50497128338534,0.6528796931107839,0.649792779882749,0.6558155077199141,0.8870977941824465,0.8845556372282457,0.8896758766806856,0.7668540398279826,0.7640001073479653,0.7698936135073503,0.7428325116634369,0.7407632297525802,0.7451175665358702,1.0,1.0,1.0,0.9666666666666668,0.9666666666666668,0.9666666666666668,0.8127651360579697,0.8099298333379724,0.8154014373423116,18.96714874903361,,,0.7865502130013541,0.6635611006996096,0.4210526315789473,0.5979126687465758,0.7075320047496095
sscd_128,0.2107922198419254,0.2002219319285393,0.2215820059999356,0.326963775967119,0.3136422812982469,0.3410702353170476,0.6253439034146753,0.6130071367541348,0.6381734318295105,0.7188458121838508,0.7075084986254219,0.729437493442169,0.4447844911737308,0.4228423758133233,0.460023815765468,0.1675764477103035,0.1401825811951386,0.1888046063193063,0.1203136761349449,0.0749611168837516,0.1328295375455112,0.3331721955142963,0.3105134756856412,0.3408203488284234,0.0251722177505696,0.0035259590445101,0.0298963316921293,0.0143836857784829,0.0007337295624607,0.0098073219888109,1.8,1.1,2.7008333333333328,1.735315456682322,1.7329149443276073,1.7379589481621374,1.798138439655304,1.7960176918903985,1.8001777094602585,1.8243463866564693,1.8223501828252051,1.826355444046916,0.967778209845225,0.9669283559918403,0.9686235477030276,0.9860975325107576,0.9855550283690292,0.9866723766426244,1.0,1.0,1.0,0.8666666666666667,0.8666666666666667,0.8666666666666667,0.975537850491084,0.9745887891564684,0.9764055270182376,31.395956993103027,,,0.4504900058707149,0.3147939637649611,0.0,0.2634161124236798,0.3479491615585842
sscd_256,0.2423536858960667,0.2309118240684406,0.253991916034579,0.3433473359422299,0.33065940495738,0.3566689031912824,0.6500451342675622,0.6382268668525384,0.6628694912564023,0.7294704501865842,0.7189974992673456,0.7400655878356434,0.4523765886041936,0.4298011474106561,0.4678950002904398,0.1702374871551112,0.1540858963521299,0.2024582499754637,0.1280586103045667,0.0900483949222355,0.1437282911979914,0.3331691491207183,0.31148396730999,0.3452869760969688,0.0235977330780455,0.00738325608021,0.0360825458176572,0.0168994429733879,0.0018286630270931,0.0182451660703963,1.4666666666666666,1.1666666666666667,2.8,1.760627189461066,1.7582451018751883,1.7631410377974412,1.8263737003008524,1.8244434214631715,1.8283095197876291,1.8552951107219773,1.853597387002439,1.8570785665998653,0.9661688963572184,0.9653245501716932,0.9669734666744868,0.9849812746047972,0.9844601249198118,0.985564844806989,1.0,1.0,1.0,0.8666666666666667,0.8666666666666667,0.9,0.974334803549511,0.973413975410272,0.9752172676638629,31.46619955698649,,,0.4465554947797468,0.320831754256314,1.0,0.2859084269826094,0.3697814552883709
fine_classifier_128: supervised oracle features (not a baseline),0.9013618782604446,0.8915878410886525,0.9111579518606374,0.8599586169651682,0.8473825474981023,0.8715344594785255,0.9219064467913248,0.9146095571701568,0.928930531002101,0.9287079553319616,0.9222956006225508,0.9353510008402676,0.9277563790601469,0.9017637972056652,0.9261382753596312,0.8266220556169454,0.8031639525520261,0.8455640202480781,0.8293968621409995,0.7909380580260496,0.8372415204774459,0.8487484967189484,0.8198820082531311,0.860118849748524,0.7924759091689401,0.7708491131171755,0.8094687527289482,0.7638984499179292,0.7229894758411595,0.7713568475522715,5.166666666666667,4.766666666666667,5.366666666666666,0.8370722842459776,0.8301314641626514,0.8441833585652769,1.6303537805875143,1.625074411481619,1.635136075615883,1.9772053859671768,1.9767541432259037,1.9776341174330032,0.5257930308580399,0.521380898853143,0.5303006587425868,0.8243212054173151,0.8216220002373059,0.8268719769517581,1.0,1.0,1.0,0.9666666666666668,0.9333333333333332,0.9666666666666668,0.6013408723570243,0.5956717516313091,0.6063354013457204,13.765665944417318,,,0.9672962508642582,0.9210554051480756,1.4210526315789471,0.8943669217369441,0.9379055337185206
