test_id,train_id,sscd_sim,phash_hamming,flag_sscd,flag_phash,exact_duplicate,label_conflict
test_04813,train_07152,1.0000,0,True,True,True,True
test_04507,train_01321,1.0000,0,True,True,True,True
test_07699,train_00114,1.0000,0,True,True,True,True
test_07365,train_07371,1.0000,0,True,True,True,True
test_06693,train_07743,1.0000,0,True,True,True,True
test_07681,train_04639,1.0000,0,True,True,True,True
test_02880,train_01969,1.0000,0,True,True,True,True
test_04006,train_02176,1.0000,0,True,True,True,True
test_06881,train_03416,1.0000,0,True,True,True,True
test_05059,train_07019,1.0000,0,True,True,True,True
test_04250,train_07535,1.0000,0,True,True,True,True
test_06781,train_04676,1.0000,0,True,True,True,True
test_05725,train_02268,1.0000,0,True,True,True,True
test_05250,train_03371,1.0000,0,True,True,True,True
test_05487,train_00862,1.0000,0,True,True,True,False
test_07855,train_08130,1.0000,0,True,True,True,True
test_04160,train_00115,1.0000,0,True,True,True,True
test_02449,train_02967,1.0000,0,True,True,True,True
test_05831,train_02668,1.0000,0,True,True,True,True
test_01286,train_01937,0.9830,2,True,True,False,True
test_07627,train_01074,0.9816,2,True,True,False,True
test_06963,train_02032,0.9743,0,True,True,False,True
test_01024,train_04248,0.9669,10,True,False,False,True
test_02012,train_01929,0.9562,16,True,False,False,True
test_01821,train_01179,0.9434,2,True,True,False,True
test_02426,train_04608,0.9354,14,True,False,False,False
test_07837,train_05414,0.9253,30,True,False,False,False
test_04443,train_05709,0.9225,18,True,False,False,False
test_03838,train_02065,0.9221,12,True,False,False,True
test_06130,train_03789,0.9104,26,True,False,False,False
test_00033,train_01139,0.9093,8,True,True,False,True
test_05151,train_05419,0.9083,16,True,False,False,False
test_07095,train_04822,0.9078,18,True,False,False,True
test_02688,train_06518,0.9064,26,True,False,False,False
test_01543,train_08004,0.9049,16,True,False,False,False
test_00134,train_00165,0.9045,16,True,False,False,False
test_06239,train_02472,0.9020,32,True,False,False,False
test_07181,train_01349,0.8954,32,True,False,False,False
test_03231,train_04944,0.8948,14,True,False,False,True
test_04373,train_00197,0.8933,20,True,False,False,False
test_05516,train_03053,0.8932,22,True,False,False,False
test_00294,train_07313,0.8887,14,True,False,False,True
test_05136,train_07390,0.8886,16,True,False,False,False
test_07886,train_07673,0.8843,18,True,False,False,True
test_03808,train_01524,0.8814,14,True,False,False,True
test_04521,train_03743,0.8797,22,True,False,False,False
test_07372,train_01469,0.8784,32,True,False,False,False
test_06034,train_07262,0.8765,20,True,False,False,False
test_07940,train_03561,0.8740,22,True,False,False,True
test_01833,train_06558,0.8722,34,True,False,False,False
test_02557,train_01469,0.8720,12,True,False,False,True
test_06469,train_04484,0.8704,14,True,False,False,True
test_06070,train_03882,0.8698,28,True,False,False,False
test_06904,train_00191,0.8669,32,True,False,False,False
test_04879,train_01265,0.8653,18,True,False,False,False
test_07379,train_04935,0.8626,26,True,False,False,False
test_00419,train_04540,0.8608,24,True,False,False,False
test_00929,train_01457,0.8569,18,True,False,False,False
test_07695,train_00883,0.8526,16,True,False,False,False
test_04638,train_01705,0.8520,10,True,False,False,True
test_01717,train_06991,0.8514,14,True,False,False,True
test_01642,train_03718,0.8499,14,True,False,False,True
test_05193,train_01767,0.8492,28,True,False,False,False
test_07482,train_02419,0.8482,14,True,False,False,False
test_03088,train_00380,0.8461,22,True,False,False,False
test_04506,train_01018,0.8432,24,True,False,False,False
test_02110,train_07758,0.8379,26,True,False,False,False
test_01356,train_01517,0.8331,16,True,False,False,False
test_01519,train_07624,0.8288,28,True,False,False,False
test_02420,train_05212,0.8278,32,True,False,False,False
test_02782,train_03199,0.8277,20,True,False,False,False
test_00492,train_01128,0.8275,16,True,False,False,False
test_05050,train_05696,0.8269,26,True,False,False,False
test_01423,train_01500,0.8267,22,True,False,False,False
test_05313,train_01639,0.8240,6,True,True,False,True
test_02226,train_04213,0.8192,20,True,False,False,False
test_01230,train_05527,0.8148,24,True,False,False,False
test_01078,train_05742,0.8144,16,True,False,False,False
test_07930,train_03097,0.8137,30,True,False,False,False
test_07592,train_07026,0.8117,16,True,False,False,False
test_01935,train_02977,0.8098,24,True,False,False,False
test_05122,train_03054,0.8087,16,True,False,False,False
test_05142,train_06202,0.8069,18,True,False,False,False
test_06597,train_07296,0.8065,28,True,False,False,True
test_05268,train_05435,0.8058,18,True,False,False,True
test_07933,train_05009,0.8043,30,True,False,False,False
test_00060,train_00022,0.8034,26,True,False,False,False
test_00580,train_02669,0.7978,26,True,False,False,False
test_02164,train_00642,0.7978,16,True,False,False,False
test_05271,train_00760,0.7974,18,True,False,False,False
test_05778,train_02731,0.7962,16,True,False,False,False
test_01232,train_01687,0.7958,22,True,False,False,False
test_03236,train_03062,0.7954,32,True,False,False,False
test_05012,train_07786,0.7927,18,True,False,False,False
test_05774,train_06751,0.7863,24,True,False,False,False
test_06805,train_05819,0.7815,30,True,False,False,False
test_04731,train_00317,0.7815,26,True,False,False,False
test_00468,train_04908,0.7791,14,True,False,False,False
test_04280,train_03872,0.7783,24,True,False,False,False
test_03481,train_03978,0.7769,28,True,False,False,False
test_01024,train_02482,0.7748,26,True,False,False,False
test_02721,train_06093,0.7724,22,True,False,False,False
test_05040,train_01820,0.7713,14,True,False,False,False
test_04533,train_04832,0.7703,14,True,False,False,False
test_03521,train_03721,0.7702,18,True,False,False,False
test_06984,train_01629,0.7694,14,True,False,False,False
test_07713,train_02748,0.7690,20,True,False,False,False
test_03870,train_03807,0.7683,12,True,False,False,False
test_07826,train_06857,0.7681,2,True,True,False,True
test_07700,train_02032,0.7670,10,True,False,False,False
test_03256,train_05491,0.7667,22,True,False,False,False
test_06796,train_01576,0.7658,26,True,False,False,False
test_01846,train_04909,0.7647,26,True,False,False,False
test_03009,train_03734,0.7646,14,True,False,False,True
test_02491,train_07525,0.7610,4,True,True,False,True
test_05213,train_00205,0.7588,10,True,False,False,True
test_03365,train_05261,0.7566,16,True,False,False,True
test_01561,train_04481,0.7566,12,True,False,False,False
test_04061,train_06049,0.7564,34,True,False,False,False
test_07330,train_07443,0.7558,12,True,False,False,True
test_06376,train_06841,0.7524,30,True,False,False,False
test_07165,train_00889,0.7498,20,True,False,False,False
test_03427,train_07278,0.7489,14,True,False,False,False
test_05584,train_04412,0.7476,18,True,False,False,False
test_04974,train_00022,0.7467,2,True,True,False,True
test_03791,train_04949,0.7428,20,True,False,False,False
test_07297,train_04817,0.7425,14,True,False,False,False
test_00178,train_08114,0.7407,14,True,False,False,True
test_06633,train_07379,0.7380,20,True,False,False,False
test_06057,train_06285,0.7323,14,True,False,False,True
test_02096,train_04565,0.7294,22,True,False,False,False
test_07529,train_04534,0.7287,22,True,False,False,False
test_04588,train_01157,0.7266,28,True,False,False,False
test_03834,train_00166,0.7257,26,True,False,False,False
test_01188,train_06594,0.7256,22,True,False,False,False
test_07051,train_02065,0.7251,26,True,False,False,True
test_05450,train_01639,0.7243,34,True,False,False,True
test_07200,train_06384,0.7241,22,True,False,False,False
test_06681,train_06285,0.7222,30,True,False,False,True
test_06205,train_02795,0.7218,12,True,False,False,True
test_01592,train_07232,0.7214,26,True,False,False,True
test_00099,train_03753,0.7210,28,True,False,False,False
test_01075,train_03502,0.7206,28,True,False,False,False
test_05166,train_01594,0.7199,18,True,False,False,False
test_05887,train_03696,0.7198,22,True,False,False,False
test_06895,train_05221,0.7186,30,True,False,False,True
test_02149,train_00228,0.7186,12,True,False,False,False
test_02489,train_04900,0.7140,28,True,False,False,False
test_02864,train_07635,0.7140,28,True,False,False,True
test_03434,train_07961,0.7133,16,True,False,False,False
test_03541,train_01905,0.7124,12,True,False,False,True
test_05313,train_06518,0.7119,28,True,False,False,True
test_05533,train_06315,0.7108,12,True,False,False,True
test_07448,train_07443,0.7102,10,True,False,False,True
test_03757,train_02519,0.7084,16,True,False,False,False
test_00312,train_00054,0.7078,18,True,False,False,False
test_07183,train_03312,0.7058,18,True,False,False,True
test_07519,train_00317,0.7053,28,True,False,False,False
test_07497,train_02324,0.7048,16,True,False,False,False
test_07168,train_00128,0.7047,26,True,False,False,True
test_06681,train_00504,0.7042,36,True,False,False,True
test_03879,train_07952,0.7020,22,True,False,False,True
test_00757,train_04247,0.7017,12,True,False,False,True
test_07566,train_02213,0.7015,32,True,False,False,False
test_05541,train_03682,0.7012,18,True,False,False,True
test_01078,train_06927,0.7010,24,True,False,False,False
test_06902,train_01968,0.6991,28,True,False,False,False
test_03362,train_01512,0.6979,26,True,False,False,True
test_03429,train_04020,0.6973,28,True,False,False,False
test_04889,train_06474,0.6972,26,True,False,False,False
test_05013,train_00504,0.6972,32,True,False,False,True
test_05385,train_02081,0.6965,24,True,False,False,False
test_02076,train_03189,0.6964,20,True,False,False,False
test_03721,train_04099,0.6964,26,True,False,False,False
test_05757,train_04386,0.6958,16,True,False,False,True
test_04748,train_05006,0.6950,18,True,False,False,False
test_00529,train_02354,0.6950,30,True,False,False,False
test_04045,train_05384,0.6945,18,True,False,False,False
test_00689,train_05461,0.6944,28,True,False,False,False
test_04298,train_05895,0.6935,26,True,False,False,False
test_05579,train_00252,0.6926,22,True,False,False,False
test_03434,train_03783,0.6922,30,True,False,False,False
test_07564,train_07957,0.6908,10,True,False,False,True
test_00082,train_05924,0.6905,12,True,False,False,True
test_04848,train_00729,0.6902,18,True,False,False,True
test_06735,train_02395,0.6899,26,True,False,False,False
test_04921,train_04787,0.6887,14,True,False,False,False
test_03623,train_06670,0.6885,18,True,False,False,False
test_00782,train_06991,0.6885,28,True,False,False,False
test_06469,train_03267,0.6865,22,True,False,False,False
test_03546,train_07424,0.6861,20,True,False,False,False
test_02007,train_06465,0.6854,10,True,False,False,False
test_01887,train_05754,0.6851,22,True,False,False,False
test_07975,train_03352,0.6843,30,True,False,False,False
test_04405,train_01957,0.6835,14,True,False,False,True
test_07980,train_01639,0.6824,18,True,False,False,True
test_02414,train_01262,0.6821,20,True,False,False,True
test_03424,train_01444,0.6807,22,True,False,False,False
test_05951,train_06648,0.6803,22,True,False,False,True
test_07631,train_03251,0.6802,20,True,False,False,False
test_04493,train_05471,0.6794,16,True,False,False,True
test_03424,train_03116,0.6782,10,True,False,False,True
test_01256,train_07700,0.6776,18,True,False,False,False
test_04214,train_00512,0.6775,26,True,False,False,False
test_05070,train_08114,0.6773,32,True,False,False,False
test_00607,train_02953,0.6758,26,True,False,False,False
test_06508,train_02678,0.6757,32,True,False,False,False
test_06035,train_03126,0.6755,28,True,False,False,False
test_04242,train_04525,0.6740,30,True,False,False,False
test_06895,train_02946,0.6737,32,True,False,False,False
test_01754,train_04713,0.6733,16,True,False,False,True
test_07150,train_05425,0.6724,28,True,False,False,False
test_03715,train_04856,0.6724,30,True,False,False,False
test_07849,train_07443,0.6721,12,True,False,False,True
test_00285,train_02307,0.6712,32,True,False,False,False
test_02420,train_03543,0.6705,32,True,False,False,False
test_00757,train_04386,0.6689,20,True,False,False,True
test_02506,train_02891,0.6683,30,True,False,False,False
test_07037,train_07670,0.6682,18,True,False,False,False
test_01458,train_05933,0.6681,28,True,False,False,False
test_07168,train_02244,0.6674,38,True,False,False,True
test_02210,train_01287,0.6673,28,True,False,False,False
test_03487,train_04968,0.6671,32,True,False,False,False
test_01024,train_06601,0.6668,16,True,False,False,False
test_00478,train_04557,0.6665,14,True,False,False,False
test_02789,train_00531,0.6655,14,True,False,False,True
test_04519,train_01865,0.6640,20,True,False,False,False
test_00734,train_07565,0.6637,24,True,False,False,False
test_06895,train_04278,0.6634,14,True,False,False,True
test_04019,train_01888,0.6630,26,True,False,False,False
test_07330,train_05114,0.6628,22,True,False,False,True
test_03449,train_02055,0.6628,16,True,False,False,True
test_07026,train_08114,0.6615,24,True,False,False,False
test_05757,train_04247,0.6597,14,True,False,False,True
test_07403,train_02967,0.6589,18,True,False,False,True
test_07840,train_05434,0.6587,26,True,False,False,False
test_02688,train_01639,0.6581,12,True,False,False,True
test_07173,train_03327,0.6564,10,True,False,False,True
test_06002,train_00122,0.6562,30,True,False,False,False
test_08005,train_01923,0.6548,26,True,False,False,False
test_05451,train_04774,0.6541,6,True,True,False,True
test_01679,train_03563,0.6535,36,True,False,False,False
test_05871,train_04023,0.6533,24,True,False,False,False
test_01173,train_03397,0.6519,34,True,False,False,True
test_07525,train_06374,0.6510,20,True,False,False,False
test_02461,train_08114,0.6508,30,True,False,False,False
test_07183,train_04278,0.6504,24,True,False,False,True
test_05952,train_07443,0.6500,22,True,False,False,True
test_05734,train_04663,0.6498,30,True,False,False,False
test_07613,train_03512,0.6489,16,True,False,False,False
test_03280,train_01359,0.6489,28,True,False,False,False
test_01976,train_07235,0.6486,22,True,False,False,True
test_04105,train_00382,0.6479,42,True,False,False,False
test_00033,train_03823,0.6465,32,True,False,False,True
test_04974,train_05340,0.6459,18,True,False,False,True
test_07312,train_07037,0.6453,20,True,False,False,False
test_01200,train_02951,0.6453,24,True,False,False,False
test_07840,train_05347,0.6452,24,True,False,False,False
test_01458,train_02880,0.6437,20,True,False,False,False
test_05541,train_00229,0.6424,24,True,False,False,True
test_07580,train_02279,0.6423,32,True,False,False,False
test_04357,train_03619,0.6406,14,True,False,False,True
test_03699,train_07206,0.6400,28,True,False,False,True
test_05587,train_04159,0.6384,22,True,False,False,False
test_02687,train_04713,0.6379,16,True,False,False,True
test_04368,train_00449,0.6375,26,True,False,False,False
test_00095,train_03893,0.6375,24,True,False,False,True
test_06817,train_07917,0.6373,22,True,False,False,True
test_05726,train_05966,0.6373,18,True,False,False,False
test_06179,train_06703,0.6371,22,True,False,False,False
test_04379,train_02944,0.6370,16,True,False,False,False
test_06044,train_06977,0.6369,26,True,False,False,True
test_00920,train_03716,0.6369,28,True,False,False,False
test_05769,train_02994,0.6367,26,True,False,False,False
test_06104,train_04894,0.6361,20,True,False,False,False
test_01230,train_04168,0.6353,10,True,False,False,True
test_07659,train_00694,0.6348,4,True,True,False,True
test_05836,train_03397,0.6343,4,True,True,False,True
test_04406,train_01059,0.6337,12,True,False,False,False
test_02712,train_01671,0.6331,32,True,False,False,False
test_05906,train_01212,0.6330,16,True,False,False,True
test_03910,train_06875,0.6329,8,True,True,False,True
test_00962,train_01937,0.6327,16,True,False,False,False
test_00292,train_06408,0.6325,34,True,False,False,True
test_05013,train_05471,0.6324,24,True,False,False,True
test_07778,train_00833,0.6317,24,True,False,False,False
test_01805,train_00304,0.6305,26,True,False,False,False
test_05447,train_00105,0.6302,28,True,False,False,False
test_07043,train_03321,0.6293,10,True,False,False,False
test_04493,train_06285,0.6292,34,True,False,False,True
test_06137,train_02230,0.6285,38,True,False,False,True
test_05952,train_05114,0.6284,14,True,False,False,True
test_07977,train_05412,0.6282,14,True,False,False,True
test_00762,train_05917,0.6280,10,True,False,False,True
test_05361,train_07844,0.6275,34,True,False,False,True
test_00976,train_04608,0.6269,20,True,False,False,False
test_05514,train_05384,0.6264,22,True,False,False,False
test_05222,train_07212,0.6264,22,True,False,False,True
test_01809,train_01212,0.6258,26,True,False,False,False
test_06693,train_03406,0.6257,26,True,False,False,False
test_00672,train_02645,0.6250,30,True,False,False,False
test_03295,train_07410,0.6244,30,True,False,False,False
test_00508,train_06766,0.6238,16,True,False,False,True
test_00351,train_06050,0.6222,18,True,False,False,False
test_05650,train_05325,0.6221,24,True,False,False,False
test_07951,train_02354,0.6220,24,True,False,False,False
test_00038,train_00694,0.6219,14,True,False,False,True
test_04957,train_07120,0.6215,26,True,False,False,False
test_07212,train_04306,0.6214,24,True,False,False,False
test_07366,train_08085,0.6209,26,True,False,False,False
test_00390,train_00178,0.6207,24,True,False,False,True
test_02771,train_01045,0.6205,26,True,False,False,False
test_01230,train_07648,0.6203,34,True,False,False,True
test_06902,train_01433,0.6202,24,True,False,False,False
test_07151,train_01006,0.6202,22,True,False,False,False
test_00508,train_06569,0.6195,26,True,False,False,True
test_03407,train_07338,0.6194,38,True,False,False,False
test_07406,train_01718,0.6193,18,True,False,False,False
test_07659,train_05840,0.6193,6,True,True,False,True
test_01134,train_03385,0.6191,18,True,False,False,False
test_06347,train_05272,0.6185,18,True,False,False,False
test_05491,train_04068,0.6175,18,True,False,False,True
test_04477,train_05694,0.6174,30,True,False,False,False
test_05381,train_07345,0.6168,4,True,True,False,True
test_01287,train_00801,0.6164,26,True,False,False,True
test_07253,train_00889,0.6163,24,True,False,False,False
test_03936,train_04846,0.6162,22,True,False,False,False
test_03280,train_00668,0.6162,24,True,False,False,False
test_04151,train_02663,0.6158,10,True,False,False,True
test_04151,train_03540,0.6156,36,True,False,False,True
test_07977,train_06408,0.6153,8,True,True,False,True
test_01373,train_01226,0.6145,10,True,False,False,True
test_03776,train_02404,0.6144,24,True,False,False,True
test_05119,train_01352,0.6136,24,True,False,False,False
test_05993,train_05727,0.6136,24,True,False,False,False
test_06228,train_06564,0.6133,34,True,False,False,False
test_02062,train_02903,0.6131,18,True,False,False,True
test_04622,train_07282,0.6123,30,True,False,False,False
test_07989,train_01506,0.6113,30,True,False,False,False
test_00375,train_06830,0.6111,32,True,False,False,False
test_02196,train_04664,0.6111,22,True,False,False,False
test_05420,train_03758,0.6109,34,True,False,False,False
test_07977,train_03471,0.6109,28,True,False,False,True
test_06410,train_03540,0.6108,12,True,False,False,True
test_03429,train_07547,0.6103,24,True,False,False,False
test_06486,train_00103,0.6097,28,True,False,False,False
test_06410,train_05799,0.6096,8,True,True,False,True
test_06130,train_01655,0.6094,8,True,True,False,False
test_01103,train_04679,0.6091,26,True,False,False,False
test_05619,train_01314,0.6085,28,True,False,False,False
test_03460,train_06569,0.6083,24,True,False,False,True
test_03070,train_05886,0.6083,26,True,False,False,False
test_04402,train_02748,0.6083,26,True,False,False,False
test_00592,train_08114,0.6074,24,True,False,False,True
test_06180,train_03056,0.6074,14,True,False,False,True
test_06473,train_01955,0.6070,28,True,False,False,False
test_00766,train_04131,0.6065,28,True,False,False,True
test_00630,train_02141,0.6064,30,True,False,False,False
test_05541,train_02404,0.6061,10,True,False,False,True
test_05901,train_05153,0.6052,12,True,False,False,True
test_03825,train_06610,0.6047,26,True,False,False,False
test_01670,train_00816,0.6042,36,True,False,False,False
test_06909,train_02642,0.6041,22,True,False,False,False
test_03081,train_05340,0.6040,28,True,False,False,True
test_06178,train_02046,0.6036,16,True,False,False,True
test_07977,train_00022,0.6035,22,True,False,False,True
test_01211,train_05898,0.6029,22,True,False,False,False
test_01749,train_03062,0.6028,20,True,False,False,True
test_06597,train_02155,0.6026,18,True,False,False,True
test_05901,train_03540,0.6024,16,True,False,False,True
test_03131,train_01120,0.6023,16,True,False,False,True
test_00344,train_07358,0.6009,8,True,True,False,True
test_00366,train_00291,0.6009,10,True,False,False,True
test_05691,train_07467,0.6008,32,True,False,False,False
test_03460,train_06866,0.6004,32,True,False,False,True
test_02759,train_00330,0.6000,20,True,False,False,False
test_07183,train_05527,0.5996,22,True,False,False,True
test_01696,train_05035,0.5995,18,True,False,False,False
test_00182,train_05722,0.5993,24,True,False,False,False
test_07448,train_05114,0.5993,22,True,False,False,True
test_02468,train_02519,0.5990,30,True,False,False,False
test_05757,train_06529,0.5985,26,True,False,False,True
test_03426,train_05799,0.5984,22,True,False,False,True
test_04419,train_04310,0.5981,26,True,False,False,False
test_07064,train_03602,0.5977,18,True,False,False,False
test_05533,train_06624,0.5975,12,True,False,False,True
test_02265,train_07514,0.5974,22,True,False,False,False
test_03010,train_07358,0.5974,6,True,True,False,True
test_00458,train_03844,0.5972,24,True,False,False,False
test_00262,train_06384,0.5971,30,True,False,False,False
test_07952,train_01714,0.5967,18,True,False,False,False
test_00266,train_00022,0.5963,18,True,False,False,False
test_07110,train_04299,0.5962,36,True,False,False,False
test_04809,train_02356,0.5962,28,True,False,False,True
test_01902,train_03108,0.5956,28,True,False,False,False
test_04131,train_06626,0.5952,30,True,False,False,True
test_06057,train_02351,0.5949,18,True,False,False,True
test_04493,train_00504,0.5948,28,True,False,False,True
test_01201,train_06143,0.5945,28,True,False,False,False
test_05727,train_02946,0.5941,32,True,False,False,True
test_00272,train_06820,0.5941,30,True,False,False,False
test_07854,train_05564,0.5941,26,True,False,False,False
test_07482,train_08004,0.5938,20,True,False,False,False
test_00292,train_05412,0.5938,30,True,False,False,True
test_01695,train_00652,0.5937,20,True,False,False,True
test_03136,train_03501,0.5937,26,True,False,False,False
test_04461,train_04078,0.5936,22,True,False,False,False
test_05952,train_06648,0.5936,20,True,False,False,True
test_04877,train_03682,0.5932,24,True,False,False,True
test_05381,train_04068,0.5929,12,True,False,False,True
test_06057,train_00504,0.5929,30,True,False,False,True
test_03837,train_04756,0.5928,26,True,False,False,False
test_00422,train_01120,0.5925,18,True,False,False,True
test_07183,train_05221,0.5925,24,True,False,False,True
test_01754,train_00834,0.5923,22,True,False,False,True
test_06759,train_06703,0.5921,36,True,False,False,False
test_05156,train_03910,0.5920,10,True,False,False,False
test_06864,train_07345,0.5918,12,True,False,False,True
test_07128,train_01179,0.5916,30,True,False,False,False
test_00174,train_06169,0.5914,36,True,False,False,False
test_07183,train_04168,0.5914,24,True,False,False,True
test_06436,train_01106,0.5911,24,True,False,False,False
test_04522,train_01641,0.5910,24,True,False,False,True
test_02199,train_02973,0.5906,24,True,False,False,False
test_07013,train_03353,0.5905,18,True,False,False,True
test_04762,train_05622,0.5905,20,True,False,False,True
test_04877,train_02404,0.5902,10,True,False,False,True
test_04920,train_03011,0.5899,28,True,False,False,False
test_00174,train_02009,0.5898,28,True,False,False,False
test_04524,train_00117,0.5898,30,True,False,False,True
test_01913,train_07506,0.5898,22,True,False,False,True
test_06077,train_02514,0.5897,18,True,False,False,True
test_05553,train_06315,0.5894,18,True,False,False,True
test_05836,train_02663,0.5892,14,True,False,False,True
test_01140,train_04063,0.5891,24,True,False,False,False
test_00673,train_06408,0.5890,26,True,False,False,True
test_00060,train_06408,0.5888,20,True,False,False,True
test_05451,train_00268,0.5886,8,True,True,False,True
test_01808,train_02602,0.5883,24,True,False,False,False
test_00749,train_01751,0.5881,28,True,False,False,True
test_03081,train_07033,0.5881,36,True,False,False,True
test_01262,train_07610,0.5875,16,True,False,False,False
test_01561,train_06363,0.5875,28,True,False,False,False
test_01693,train_03540,0.5874,36,True,False,False,True
test_01565,train_04634,0.5873,18,True,False,False,False
test_01430,train_01128,0.5872,36,True,False,False,False
test_05533,train_03353,0.5869,12,True,False,False,True
test_00749,train_07904,0.5865,32,True,False,False,True
test_06592,train_02558,0.5863,30,True,False,False,True
test_01800,train_03628,0.5858,10,True,False,False,True
test_00757,train_06529,0.5857,32,True,False,False,False
test_01606,train_03157,0.5853,10,True,False,False,True
test_00920,train_02717,0.5852,24,True,False,False,False
test_07647,train_02717,0.5852,18,True,False,False,True
test_00291,train_02122,0.5851,28,True,False,False,False
test_00673,train_01444,0.5849,28,True,False,False,True
test_01526,train_03056,0.5849,16,True,False,False,False
test_03994,train_03802,0.5846,24,True,False,False,False
test_05013,train_06285,0.5845,10,True,False,False,True
test_05850,train_06035,0.5844,26,True,False,False,False
test_07908,train_05212,0.5843,20,True,False,False,False
test_05808,train_00582,0.5843,24,True,False,False,False
test_04406,train_07880,0.5836,22,True,False,False,False
test_04968,train_02205,0.5836,12,True,False,False,True
test_06541,train_03406,0.5829,22,True,False,False,False
test_06864,train_00205,0.5828,18,True,False,False,False
test_02708,train_02324,0.5827,34,True,False,False,False
test_06292,train_02736,0.5826,22,True,False,False,False
test_01668,train_04149,0.5826,22,True,False,False,True
test_00390,train_05362,0.5826,26,True,False,False,True
test_00508,train_00937,0.5824,26,True,False,False,True
test_05450,train_06518,0.5823,14,True,False,False,True
test_03541,train_02230,0.5810,24,True,False,False,True
test_00508,train_00504,0.5810,26,True,False,False,True
test_07854,train_02706,0.5810,36,True,False,False,False
test_00515,train_05046,0.5809,22,True,False,False,True
test_06113,train_05384,0.5807,24,True,False,False,False
test_02026,train_00097,0.5804,22,True,False,False,False
test_03460,train_03116,0.5802,18,True,False,False,True
test_05623,train_06408,0.5799,26,True,False,False,True
test_07977,train_04989,0.5796,16,True,False,False,True
test_00146,train_06315,0.5795,18,True,False,False,True
test_03424,train_06569,0.5794,14,True,False,False,True
test_05478,train_03540,0.5790,18,True,False,False,True
test_06902,train_01614,0.5790,18,True,False,False,False
test_01879,train_07648,0.5789,28,True,False,False,True
test_03741,train_05749,0.5789,18,True,False,False,False
test_06732,train_01720,0.5789,30,True,False,False,True
test_04927,train_05622,0.5788,20,True,False,False,False
test_02933,train_01126,0.5785,22,True,False,False,True
test_00812,train_01905,0.5784,26,True,False,False,False
test_05494,train_00022,0.5781,20,True,False,False,True
test_06057,train_05471,0.5777,34,True,False,False,True
test_01230,train_00644,0.5777,34,True,False,False,True
test_00766,train_04989,0.5775,18,True,False,False,True
test_00775,train_04155,0.5774,16,True,False,False,False
test_00303,train_02946,0.5773,4,True,True,False,True
test_05538,train_07503,0.5770,20,True,False,False,False
test_01743,train_02244,0.5770,28,True,False,False,True
test_06018,train_05529,0.5770,18,True,False,False,False
test_02802,train_03975,0.5769,26,True,False,False,False
test_06410,train_01365,0.5768,32,True,False,False,False
test_04821,train_04866,0.5768,24,True,False,False,False
test_01230,train_06569,0.5768,40,True,False,False,True
test_01376,train_04257,0.5768,24,True,False,False,True
test_05313,train_00531,0.5767,22,True,False,False,True
test_06084,train_06877,0.5767,16,True,False,False,True
test_06981,train_02375,0.5764,14,True,False,False,False
test_05759,train_06041,0.5762,32,True,False,False,False
test_05553,train_01048,0.5759,32,True,False,False,True
test_07980,train_06518,0.5759,26,True,False,False,True
test_03460,train_06089,0.5757,26,True,False,False,True
test_01695,train_07029,0.5756,14,True,False,False,True
test_01693,train_02663,0.5753,10,True,False,False,True
test_05225,train_07316,0.5751,18,True,False,False,True
test_05015,train_05412,0.5747,24,True,False,False,True
test_07398,train_05611,0.5746,8,True,True,False,True
test_04913,train_05462,0.5745,24,True,False,False,False
test_07312,train_05018,0.5741,12,True,False,False,False
test_00183,train_03540,0.5739,18,True,False,False,True
test_01230,train_03116,0.5735,38,True,False,False,True
test_07849,train_05114,0.5729,30,True,False,False,True
test_02786,train_04987,0.5728,20,True,False,False,False
test_00049,train_02323,0.5725,22,True,False,False,False
test_00038,train_03948,0.5722,22,True,False,False,True
test_01173,train_05153,0.5722,8,True,True,False,True
test_06786,train_07952,0.5720,20,True,False,False,False
test_00366,train_07443,0.5719,18,True,False,False,True
test_06057,train_00937,0.5715,36,True,False,False,True
test_06130,train_04147,0.5714,18,True,False,False,False
test_02849,train_01515,0.5709,10,True,False,False,True
test_01082,train_06408,0.5707,32,True,False,False,True
test_05414,train_01273,0.5706,26,True,False,False,False
test_05172,train_01089,0.5703,22,True,False,False,False
test_00163,train_02549,0.5703,24,True,False,False,False
test_00534,train_03512,0.5702,32,True,False,False,False
test_01749,train_02547,0.5702,10,True,False,False,True
test_01471,train_00115,0.5694,30,True,False,False,True
test_01735,train_01999,0.5693,34,True,False,False,True
test_04877,train_00229,0.5688,26,True,False,False,True
test_01082,train_05412,0.5686,28,True,False,False,True
test_06549,train_04748,0.5685,22,True,False,False,False
test_00016,train_03427,0.5683,10,True,False,False,True
test_07091,train_07392,0.5680,10,True,False,False,True
test_04792,train_04482,0.5679,10,True,False,False,True
test_00183,train_02663,0.5678,30,True,False,False,True
test_00154,train_07255,0.5677,38,True,False,False,False
test_08037,train_04326,0.5676,26,True,False,False,False
test_02332,train_08054,0.5674,32,True,False,False,False
test_04305,train_04498,0.5671,14,True,False,False,True
test_00508,train_05471,0.5670,24,True,False,False,True
test_01699,train_02166,0.5666,16,True,False,False,True
test_04321,train_05584,0.5665,32,True,False,False,False
test_05441,train_05749,0.5663,22,True,False,False,True
test_00049,train_05886,0.5663,18,True,False,False,False
test_05836,train_03540,0.5662,34,True,False,False,True
test_05726,train_05279,0.5662,22,True,False,False,False
test_03569,train_02355,0.5657,34,True,False,False,True
test_00186,train_01944,0.5655,4,True,True,False,True
test_01693,train_03397,0.5651,6,True,True,False,True
test_04221,train_01879,0.5648,20,True,False,False,False
test_05313,train_04136,0.5647,18,True,False,False,True
test_06575,train_03874,0.5647,30,True,False,False,False
test_04551,train_04726,0.5646,20,True,False,False,False
test_03789,train_00461,0.5643,34,True,False,False,False
test_06742,train_03976,0.5642,24,True,False,False,False
test_02381,train_07345,0.5642,36,True,False,False,True
test_00981,train_04302,0.5639,34,True,False,False,False
test_05795,train_04014,0.5639,30,True,False,False,True
test_07013,train_00050,0.5635,8,True,True,False,True
test_07013,train_03436,0.5635,8,True,True,False,True
test_04352,train_05799,0.5633,16,True,False,False,True
test_00749,train_01268,0.5633,16,True,False,False,True
test_06864,train_05799,0.5627,18,True,False,False,True
test_07269,train_03173,0.5625,36,True,False,False,False
test_07977,train_06500,0.5625,10,True,False,False,True
test_07099,train_07648,0.5621,26,True,False,False,True
test_01879,train_00531,0.5620,12,True,False,False,True
test_03081,train_06408,0.5617,26,True,False,False,True
test_06523,train_02009,0.5616,32,True,False,False,False
test_06675,train_07321,0.5616,22,True,False,False,True
test_03963,train_05035,0.5615,28,True,False,False,False
test_03808,train_03829,0.5615,26,True,False,False,True
test_06276,train_03748,0.5615,28,True,False,False,False
test_07952,train_03740,0.5613,24,True,False,False,False
test_02052,train_06178,0.5606,30,True,False,False,True
test_07078,train_03491,0.5605,14,True,False,False,True
test_07324,train_04149,0.5602,14,True,False,False,True
test_04286,train_02153,0.5602,32,True,False,False,False
test_04184,train_03005,0.5599,32,True,False,False,False
test_06725,train_05013,0.5597,16,True,False,False,False
test_07013,train_01048,0.5596,30,True,False,False,True
test_04526,train_04965,0.5595,32,True,False,False,False
test_05906,train_00879,0.5595,30,True,False,False,True
test_00292,train_06500,0.5592,32,True,False,False,True
test_02381,train_03397,0.5590,8,True,True,False,True
test_07124,train_03910,0.5588,18,True,False,False,False
test_03081,train_00531,0.5586,16,True,False,False,True
test_06410,train_02663,0.5584,32,True,False,False,True
test_00824,train_03619,0.5583,24,True,False,False,True
test_04403,train_06719,0.5582,32,True,False,False,False
test_05727,train_03312,0.5581,16,True,False,False,True
test_05352,train_02431,0.5578,14,True,False,False,True
test_00508,train_03085,0.5576,34,True,False,False,True
test_05180,train_03386,0.5572,24,True,False,False,False
test_04905,train_07358,0.5568,12,True,False,False,True
test_05013,train_00937,0.5568,22,True,False,False,True
test_05213,train_07022,0.5567,40,True,False,False,True
test_00930,train_00581,0.5567,30,True,False,False,True
test_07592,train_03781,0.5566,34,True,False,False,False
test_01749,train_03312,0.5566,22,True,False,False,True
test_01082,train_00022,0.5566,20,True,False,False,True
test_07977,train_05340,0.5564,22,True,False,False,True
test_06515,train_01321,0.5563,34,True,False,False,False
test_06864,train_03540,0.5563,16,True,False,False,True
test_02622,train_03759,0.5563,20,True,False,False,False
test_00734,train_01958,0.5563,36,True,False,False,False
test_06592,train_00834,0.5562,28,True,False,False,True
test_00356,train_05823,0.5562,30,True,False,False,False
test_02505,train_07964,0.5562,24,True,False,False,False
test_05651,train_06714,0.5560,26,True,False,False,False
test_03460,train_05527,0.5560,30,True,False,False,True
test_02381,train_02663,0.5556,12,True,False,False,True
test_06681,train_06089,0.5555,32,True,False,False,True
test_05623,train_06500,0.5554,24,True,False,False,True
test_05370,train_00660,0.5552,34,True,False,False,False
test_01173,train_07345,0.5542,8,True,True,False,True
test_06745,train_06673,0.5539,20,True,False,False,False
test_03460,train_01319,0.5538,24,True,False,False,True
test_01083,train_05181,0.5534,20,True,False,False,True
test_05760,train_01422,0.5534,24,True,False,False,False
test_02414,train_02668,0.5528,22,True,False,False,True
test_07815,train_03296,0.5524,24,True,False,False,False
test_01743,train_04083,0.5524,24,True,False,False,True
test_07400,train_04386,0.5523,22,True,False,False,True
test_04352,train_04068,0.5522,20,True,False,False,True
test_02566,train_06569,0.5522,32,True,False,False,True
test_05491,train_00205,0.5521,22,True,False,False,True
test_00673,train_05340,0.5519,28,True,False,False,True
test_04663,train_02314,0.5519,30,True,False,False,False
test_03402,train_05611,0.5517,12,True,False,False,True
test_05698,train_01268,0.5516,18,True,False,False,True
test_01743,train_00128,0.5516,28,True,False,False,True
test_07173,train_07889,0.5515,18,True,False,False,True
test_03309,train_01415,0.5514,28,True,False,False,True
test_07377,train_06001,0.5514,14,True,False,False,True
test_01086,train_04844,0.5513,26,True,False,False,False
test_05709,train_04723,0.5513,28,True,False,False,False
test_04808,train_03628,0.5513,10,True,False,False,True
test_04046,train_04604,0.5512,6,True,True,False,True
test_00673,train_07033,0.5511,28,True,False,False,True
test_00303,train_05221,0.5511,16,True,False,False,True
test_00024,train_05011,0.5507,20,True,False,False,True
test_03983,train_01581,0.5503,26,True,False,False,False
test_04656,train_05477,0.5501,24,True,False,False,False
test_00466,train_05894,0.5501,14,True,False,False,True
test_07977,train_04434,0.5497,32,True,False,False,True
test_07406,train_06311,0.5497,16,True,False,False,True
test_03332,train_00730,0.5496,28,True,False,False,False
test_01074,train_05998,0.5495,26,True,False,False,False
test_02730,train_02904,0.5492,20,True,False,False,True
test_04140,train_03218,0.5490,28,True,False,False,False
test_04277,train_02663,0.5490,32,True,False,False,True
test_03460,train_02773,0.5487,30,True,False,False,True
test_07977,train_04136,0.5487,24,True,False,False,True
test_05491,train_05799,0.5487,18,True,False,False,True
test_05533,train_07422,0.5484,18,True,False,False,True
test_02367,train_03528,0.5482,30,True,False,False,False
test_05381,train_03552,0.5480,12,True,False,False,True
test_06681,train_05471,0.5478,28,True,False,False,True
test_03070,train_02323,0.5476,26,True,False,False,False
test_02302,train_02395,0.5475,24,True,False,False,False
test_00158,train_06239,0.5475,38,True,False,False,False
test_08018,train_03309,0.5475,6,True,True,False,True
test_02526,train_06080,0.5474,26,True,False,False,True
test_07099,train_07159,0.5473,6,True,True,False,True
test_01852,train_06126,0.5470,34,True,False,False,False
test_07871,train_04223,0.5470,24,True,False,False,False
test_07871,train_06153,0.5470,24,True,False,False,True
test_01164,train_03864,0.5467,30,True,False,False,False
test_07659,train_00937,0.5466,16,True,False,False,True
test_03081,train_04136,0.5462,12,True,False,False,True
test_03081,train_00022,0.5460,26,True,False,False,True
test_02506,train_06366,0.5458,32,True,False,False,False
test_00508,train_03824,0.5458,24,True,False,False,True
test_00366,train_01092,0.5457,24,True,False,False,True
test_00001,train_02351,0.5457,28,True,False,False,True
test_00508,train_03116,0.5455,28,True,False,False,True
test_05727,train_05221,0.5455,32,True,False,False,True
test_01082,train_04989,0.5455,28,True,False,False,True
test_05714,train_01048,0.5453,30,True,False,False,True
test_06196,train_01786,0.5453,32,True,False,False,False
test_00381,train_00178,0.5451,32,True,False,False,True
test_05727,train_02547,0.5451,22,True,False,False,True
test_06986,train_02513,0.5450,18,True,False,False,False
test_07794,train_04557,0.5448,16,True,False,False,True
test_07173,train_06569,0.5444,30,True,False,False,True
test_07641,train_01905,0.5441,12,True,False,False,True
test_06793,train_06250,0.5441,34,True,False,False,False
test_01455,train_00969,0.5439,24,True,False,False,False
test_07149,train_01095,0.5437,22,True,False,False,False
test_01587,train_00472,0.5436,14,True,False,False,True
test_07183,train_07648,0.5434,24,True,False,False,True
test_00738,train_05398,0.5434,22,True,False,False,False
test_00275,train_05711,0.5429,26,True,False,False,False
test_06895,train_03312,0.5426,20,True,False,False,True
test_05213,train_05519,0.5425,24,True,False,False,True
test_05709,train_00725,0.5424,26,True,False,False,False
test_07013,train_05622,0.5422,22,True,False,False,True
test_07026,train_02734,0.5422,16,True,False,False,True
test_02085,train_05616,0.5419,24,True,False,False,True
test_01543,train_02419,0.5419,26,True,False,False,False
test_07051,train_08133,0.5418,24,True,False,False,False
test_01998,train_07148,0.5416,20,True,False,False,True
test_01668,train_01048,0.5415,34,True,False,False,True
test_02730,train_01334,0.5414,28,True,False,False,False
test_03081,train_01444,0.5413,18,True,False,False,True
test_03951,train_04141,0.5412,28,True,False,False,True
test_02243,train_05534,0.5412,22,True,False,False,True
test_01400,train_02179,0.5411,20,True,False,False,False
test_04493,train_06089,0.5411,16,True,False,False,True
test_00659,train_00467,0.5409,24,True,False,False,True
test_07173,train_02773,0.5408,16,True,False,False,True
test_07013,train_06624,0.5405,20,True,False,False,True
test_06205,train_03680,0.5404,28,True,False,False,True
test_06459,train_02274,0.5404,24,True,False,False,False
test_07173,train_01319,0.5403,18,True,False,False,True
test_07013,train_03661,0.5403,30,True,False,False,True
test_03478,train_04213,0.5402,28,True,False,False,False
test_03834,train_06408,0.5398,12,True,False,False,True
test_07908,train_03543,0.5395,32,True,False,False,False
test_06981,train_04513,0.5394,24,True,False,False,False
test_05714,train_07738,0.5392,26,True,False,False,True
test_03290,train_03660,0.5392,20,True,False,False,False
test_06452,train_04053,0.5391,14,True,False,False,True
test_03980,train_03001,0.5391,36,True,False,False,False
test_04277,train_03540,0.5390,16,True,False,False,True
test_00060,train_05340,0.5389,32,True,False,False,True
test_02602,train_01918,0.5388,28,True,False,False,False
test_03096,train_05633,0.5387,28,True,False,False,False
test_03330,train_00765,0.5387,14,True,False,False,True
test_02381,train_03540,0.5387,32,True,False,False,True
test_04002,train_07261,0.5386,20,True,False,False,False
test_02213,train_01471,0.5384,24,True,False,False,False
test_05901,train_02504,0.5383,22,True,False,False,True
test_05553,train_04149,0.5381,12,True,False,False,True
test_07297,train_02570,0.5378,12,True,False,False,True
test_00508,train_07648,0.5377,30,True,False,False,True
test_00016,train_05971,0.5377,26,True,False,False,True
test_04173,train_07904,0.5374,28,True,False,False,True
test_01879,train_07159,0.5374,6,True,True,False,True
test_05381,train_05799,0.5370,12,True,False,False,True
test_00390,train_04434,0.5370,32,True,False,False,True
test_00146,train_07422,0.5369,14,True,False,False,True
test_01809,train_00879,0.5367,34,True,False,False,True
test_05213,train_05611,0.5361,16,True,False,False,True
test_05661,train_03397,0.5361,30,True,False,False,True
test_00434,train_04998,0.5359,26,True,False,False,True
test_06462,train_02839,0.5359,28,True,False,False,False
test_00550,train_05697,0.5359,26,True,False,False,False
test_07908,train_06236,0.5358,32,True,False,False,True
test_05494,train_05340,0.5356,20,True,False,False,True
test_05457,train_01557,0.5356,18,True,False,False,False
test_04046,train_03661,0.5356,34,True,False,False,True
test_01506,train_04920,0.5356,32,True,False,False,False
test_05841,train_03282,0.5355,22,True,False,False,False
test_05491,train_07345,0.5354,12,True,False,False,True
test_05821,train_01365,0.5351,26,True,False,False,True
test_03271,train_05331,0.5351,30,True,False,False,False
test_01962,train_02665,0.5351,18,True,False,False,False
test_04185,train_07022,0.5350,36,True,False,False,False
test_07317,train_06935,0.5347,16,True,False,False,True
test_05623,train_01444,0.5347,24,True,False,False,True
test_01813,train_06716,0.5346,24,True,False,False,True
test_06592,train_02230,0.5345,14,True,False,False,True
test_07992,train_04131,0.5344,26,True,False,False,True
test_00673,train_06500,0.5344,24,True,False,False,True
test_07708,train_00152,0.5344,24,True,False,False,False
test_05313,train_06866,0.5343,22,True,False,False,True
test_07400,train_04247,0.5343,10,True,False,False,True
test_03010,train_02166,0.5341,12,True,False,False,True
test_00673,train_07710,0.5340,32,True,False,False,True
test_02213,train_02169,0.5340,24,True,False,False,False
test_00303,train_04278,0.5337,30,True,False,False,True
test_04974,train_06408,0.5333,24,True,False,False,True
test_06167,train_04298,0.5331,18,True,False,False,False
test_05553,train_07738,0.5329,30,True,False,False,True
test_04968,train_01048,0.5328,30,True,False,False,True
test_06187,train_05505,0.5326,28,True,False,False,False
test_07373,train_04107,0.5321,28,True,False,False,True
test_03002,train_02719,0.5321,20,True,False,False,False
test_01754,train_00694,0.5320,16,True,False,False,False
test_00508,train_06382,0.5318,28,True,False,False,True
test_05402,train_05384,0.5317,20,True,False,False,False
test_06647,train_02188,0.5315,16,True,False,False,True
test_03486,train_06408,0.5313,26,True,False,False,True
test_05573,train_00703,0.5312,20,True,False,False,True
test_05352,train_06128,0.5311,12,True,False,False,True
test_00174,train_05886,0.5311,14,True,False,False,False
test_02136,train_03887,0.5310,30,True,False,False,False
test_04699,train_04995,0.5309,14,True,False,False,False
test_03460,train_00504,0.5309,32,True,False,False,True
test_01668,train_07738,0.5307,30,True,False,False,True
test_06162,train_01581,0.5306,32,True,False,False,False
test_05491,train_05611,0.5304,12,True,False,False,True
test_00555,train_05317,0.5302,28,True,False,False,False
test_05056,train_06253,0.5301,22,True,False,False,False
test_05402,train_06599,0.5300,32,True,False,False,False
test_05213,train_05799,0.5300,18,True,False,False,True
test_05381,train_03540,0.5299,10,True,False,False,True
test_01054,train_03062,0.5298,26,True,False,False,True
test_00812,train_02230,0.5298,24,True,False,False,False
test_02567,train_07826,0.5297,26,True,False,False,False
test_04968,train_07738,0.5297,34,True,False,False,True
test_04046,train_06080,0.5296,14,True,False,False,True
test_06607,train_06089,0.5295,20,True,False,False,True
test_03338,train_04844,0.5295,14,True,False,False,False
test_04001,train_02997,0.5295,30,True,False,False,False
test_01749,train_01601,0.5294,34,True,False,False,True
test_03460,train_03342,0.5294,28,True,False,False,True
test_00893,train_04604,0.5293,18,True,False,False,True
test_06864,train_04068,0.5292,16,True,False,False,True
test_00466,train_02674,0.5291,34,True,False,False,True
test_06113,train_00470,0.5291,22,True,False,False,False
test_05164,train_06400,0.5290,22,True,False,False,True
test_03365,train_02491,0.5288,22,True,False,False,False
test_00660,train_02131,0.5287,28,True,False,False,False
test_00673,train_04136,0.5286,20,True,False,False,True
test_01134,train_00178,0.5285,20,True,False,False,True
test_05491,train_03397,0.5283,34,True,False,False,True
test_00508,train_01601,0.5281,38,True,False,False,True
test_04870,train_00985,0.5281,30,True,False,False,False
test_01134,train_03337,0.5279,28,True,False,False,False
test_06179,train_00798,0.5279,36,True,False,False,False
test_02096,train_04502,0.5278,32,True,False,False,False
test_01757,train_00010,0.5278,12,True,False,False,True
test_05757,train_01179,0.5277,24,True,False,False,True
test_00024,train_06408,0.5277,14,True,False,False,True
test_01203,train_00751,0.5276,26,True,False,False,False
test_06410,train_04068,0.5276,18,True,False,False,True
test_02381,train_05153,0.5275,28,True,False,False,True
test_04046,train_03971,0.5274,12,True,False,False,True
test_04173,train_02230,0.5269,34,True,False,False,False
test_05375,train_06685,0.5269,30,True,False,False,False
test_00817,train_01736,0.5268,8,True,True,False,True
test_03647,train_01415,0.5268,10,True,False,False,True
test_05144,train_02805,0.5267,10,True,False,False,True
test_04321,train_03451,0.5267,24,True,False,False,False
test_01230,train_08025,0.5266,30,True,False,False,True
test_01749,train_01751,0.5266,28,True,False,False,True
test_03512,train_01387,0.5266,36,True,False,False,False
test_00199,train_03062,0.5265,26,True,False,False,True
test_05033,train_06546,0.5265,26,True,False,False,False
test_03994,train_04937,0.5265,10,True,False,False,True
test_06686,train_02658,0.5265,20,True,False,False,True
test_06555,train_08005,0.5263,34,True,False,False,False
test_03439,train_01905,0.5263,40,True,False,False,False
test_01876,train_07514,0.5261,26,True,False,False,False
test_06647,train_03216,0.5260,18,True,False,False,True
test_05517,train_01883,0.5259,32,True,False,False,True
test_07977,train_06936,0.5258,14,True,False,False,True
test_00673,train_00022,0.5257,26,True,False,False,True
test_00508,train_06285,0.5255,32,True,False,False,True
test_06592,train_01601,0.5250,24,True,False,False,True
test_02655,train_04654,0.5250,14,True,False,False,False
test_01009,train_01181,0.5249,36,True,False,False,True
test_05491,train_03540,0.5249,14,True,False,False,True
test_00508,train_05527,0.5248,20,True,False,False,True
test_00698,train_00178,0.5244,26,True,False,False,True
test_03503,train_02623,0.5243,22,True,False,False,False
test_00381,train_00862,0.5242,36,True,False,False,False
test_04578,train_06089,0.5242,30,True,False,False,True
test_07007,train_06292,0.5240,12,True,False,False,True
test_05533,train_01181,0.5239,14,True,False,False,True
test_00979,train_03208,0.5238,26,True,False,False,False
test_05661,train_02504,0.5237,22,True,False,False,True
test_04022,train_00645,0.5236,26,True,False,False,True
test_07953,train_06090,0.5236,22,True,False,False,False
test_00673,train_00531,0.5236,22,True,False,False,True
test_00352,train_05841,0.5235,28,True,False,False,True
test_05095,train_04986,0.5235,20,True,False,False,True
test_05348,train_00847,0.5232,24,True,False,False,True
test_05353,train_06635,0.5231,26,True,False,False,True
test_01693,train_05153,0.5229,30,True,False,False,True
test_03465,train_02449,0.5227,18,True,False,False,False
test_06523,train_06169,0.5227,26,True,False,False,False
test_06266,train_05766,0.5225,10,True,False,False,True
test_05451,train_06814,0.5224,30,True,False,False,True
test_06128,train_01304,0.5223,20,True,False,False,True
test_02287,train_04565,0.5223,22,True,False,False,False
test_02789,train_04136,0.5222,16,True,False,False,True
test_02688,train_00531,0.5222,18,True,False,False,True
test_06440,train_00023,0.5221,22,True,False,False,False
test_01458,train_07023,0.5221,34,True,False,False,False
test_07492,train_07764,0.5221,22,True,False,False,False
test_05118,train_06716,0.5220,24,True,False,False,True
test_04352,train_05823,0.5218,32,True,False,False,False
test_04905,train_03397,0.5217,28,True,False,False,True
test_07173,train_06866,0.5216,22,True,False,False,True
test_05478,train_02663,0.5214,32,True,False,False,True
test_04853,train_02450,0.5213,26,True,False,False,False
test_02567,train_04517,0.5212,26,True,False,False,False
test_02789,train_01639,0.5212,18,True,False,False,True
test_00146,train_03353,0.5212,20,True,False,False,True
test_00609,train_01409,0.5210,30,True,False,False,True
test_01230,train_03312,0.5208,12,True,False,False,True
test_00817,train_00854,0.5207,24,True,False,False,True
test_01622,train_05634,0.5207,30,True,False,False,False
test_03994,train_04149,0.5207,14,True,False,False,True
test_07173,train_01639,0.5205,24,True,False,False,True
test_05102,train_08073,0.5205,24,True,False,False,False
test_04834,train_01198,0.5202,20,True,False,False,True
test_02789,train_06866,0.5201,20,True,False,False,True
test_02980,train_01268,0.5201,28,True,False,False,True
test_02163,train_06481,0.5200,34,True,False,False,False
test_04968,train_06315,0.5199,18,True,False,False,True
test_02212,train_00657,0.5198,10,True,False,False,True
test_00508,train_01883,0.5198,26,True,False,False,True
test_07597,train_06080,0.5197,34,True,False,False,True
test_07992,train_02046,0.5196,28,True,False,False,True
test_05567,train_05052,0.5195,32,True,False,False,False
test_07749,train_07313,0.5195,34,True,False,False,True
test_03486,train_01444,0.5194,20,True,False,False,True
test_00292,train_01444,0.5194,24,True,False,False,True
test_02558,train_01382,0.5193,18,True,False,False,True
test_03463,train_07068,0.5191,20,True,False,False,False
test_00741,train_01181,0.5191,28,True,False,False,False
test_02075,train_01791,0.5190,28,True,False,False,False
test_07280,train_03375,0.5189,22,True,False,False,False
test_02586,train_01658,0.5189,32,True,False,False,False
test_00857,train_02135,0.5188,10,True,False,False,True
test_03309,train_00765,0.5188,12,True,False,False,True
test_06681,train_03824,0.5187,32,True,False,False,False
test_04905,train_00010,0.5187,10,True,False,False,True
test_02565,train_02046,0.5185,22,True,False,False,True
test_05521,train_01387,0.5185,12,True,False,False,True
test_03624,train_00855,0.5184,28,True,False,False,True
test_03834,train_06500,0.5184,10,True,False,False,True
test_01743,train_07070,0.5183,18,True,False,False,True
test_05960,train_00315,0.5182,20,True,False,False,True
test_07794,train_06292,0.5180,12,True,False,False,True
test_07141,train_05656,0.5179,16,True,False,False,True
test_02173,train_02323,0.5179,30,True,False,False,False
test_00508,train_03427,0.5179,24,True,False,False,True
test_07659,train_03085,0.5177,30,True,False,False,True
test_03834,train_05108,0.5174,30,True,False,False,False
test_02085,train_02504,0.5173,24,True,False,False,True
test_06428,train_07904,0.5173,28,True,False,False,True
test_05902,train_07672,0.5172,18,True,False,False,False
test_06681,train_02351,0.5172,30,True,False,False,True
test_01668,train_06315,0.5171,18,True,False,False,True
test_00766,train_05412,0.5171,24,True,False,False,True
test_05445,train_02040,0.5169,16,True,False,False,True
test_04350,train_04829,0.5168,30,True,False,False,False
test_00466,train_02115,0.5167,18,True,False,False,True
test_07253,train_06294,0.5167,26,True,False,False,False
test_02616,train_03938,0.5167,22,True,False,False,False
test_00741,train_04434,0.5166,20,True,False,False,True
test_06478,train_04816,0.5165,34,True,False,False,False
test_06592,train_03085,0.5165,32,True,False,False,True
test_01190,train_00694,0.5165,28,True,False,False,True
test_00983,train_00875,0.5163,22,True,False,False,True
test_00766,train_06408,0.5162,22,True,False,False,True
test_00501,train_01212,0.5161,30,True,False,False,True
test_06288,train_02100,0.5161,20,True,False,False,False
test_07718,train_05441,0.5160,34,True,False,False,False
test_00508,train_02773,0.5160,20,True,False,False,True
test_07099,train_02734,0.5159,10,True,False,False,True
test_01090,train_03994,0.5158,26,True,False,False,False
test_05672,train_03493,0.5158,22,True,False,False,True
test_02042,train_04047,0.5156,32,True,False,False,False
test_05348,train_05766,0.5156,14,True,False,False,True
test_01668,train_07422,0.5156,24,True,False,False,True
test_05901,train_01365,0.5156,38,True,False,False,False
test_05013,train_06089,0.5155,26,True,False,False,True
test_07077,train_00644,0.5155,22,True,False,False,True
test_05450,train_06089,0.5155,26,True,False,False,True
test_06594,train_05218,0.5154,26,True,False,False,False
test_01879,train_01883,0.5152,18,True,False,False,True
test_06754,train_06315,0.5150,16,True,False,False,True
test_03081,train_06500,0.5150,22,True,False,False,True
test_00508,train_03342,0.5150,24,True,False,False,True
test_04017,train_07257,0.5148,16,True,False,False,True
test_00735,train_02153,0.5148,26,True,False,False,True
test_04809,train_00004,0.5147,40,True,False,False,True
test_03361,train_08083,0.5147,26,True,False,False,False
test_06594,train_06167,0.5146,28,True,False,False,False
test_00281,train_00301,0.5145,22,True,False,False,True
test_05219,train_07709,0.5143,6,True,True,False,True
test_01348,train_06902,0.5143,28,True,False,False,False
test_02116,train_03824,0.5143,22,True,False,False,True
test_03424,train_07159,0.5142,28,True,False,False,True
test_03010,train_04673,0.5142,8,True,True,False,True
test_05450,train_06866,0.5141,20,True,False,False,True
test_00146,train_06624,0.5139,24,True,False,False,True
test_00146,train_01048,0.5139,26,True,False,False,True
test_04260,train_03850,0.5139,32,True,False,False,False
test_00754,train_03482,0.5138,14,True,False,False,True
test_05436,train_06393,0.5138,30,True,False,False,False
test_01173,train_03540,0.5137,8,True,True,False,True
test_06647,train_03716,0.5136,28,True,False,False,False
test_04778,train_01923,0.5135,32,True,False,False,True
test_05013,train_02351,0.5134,12,True,False,False,True
test_05087,train_05969,0.5134,28,True,False,False,False
test_00439,train_03038,0.5133,24,True,False,False,False
test_07907,train_06703,0.5133,26,True,False,False,True
test_04905,train_02166,0.5133,16,True,False,False,True
test_07349,train_07418,0.5133,36,True,False,False,False
test_00749,train_00748,0.5132,20,True,False,False,True
test_07567,train_00404,0.5131,20,True,False,False,False
test_01400,train_03660,0.5131,20,True,False,False,True
test_00292,train_00022,0.5131,22,True,False,False,True
test_02000,train_05060,0.5131,28,True,False,False,True
test_03124,train_03085,0.5130,22,True,False,False,True
test_05000,train_00225,0.5129,18,True,False,False,True
test_01596,train_03258,0.5128,36,True,False,False,False
test_00038,train_03085,0.5128,34,True,False,False,True
test_08006,train_01297,0.5127,30,True,False,False,False
test_03236,train_00645,0.5126,30,True,False,False,False
test_00266,train_05011,0.5126,34,True,False,False,True
test_04738,train_04823,0.5126,30,True,False,False,False
test_03219,train_02197,0.5126,34,True,False,False,False
test_00390,train_04937,0.5126,22,True,False,False,True
test_03994,train_05362,0.5124,16,True,False,False,True
test_04369,train_05736,0.5124,20,True,False,False,False
test_05553,train_03353,0.5124,22,True,False,False,True
test_00292,train_04989,0.5123,30,True,False,False,True
test_04151,train_03397,0.5120,8,True,True,False,True
test_00508,train_06866,0.5119,18,True,False,False,True
test_00893,train_06952,0.5117,16,True,False,False,True
test_01757,train_00178,0.5117,18,True,False,False,True
test_05541,train_02674,0.5117,26,True,False,False,True
test_07992,train_03915,0.5115,22,True,False,False,True
test_03322,train_05529,0.5113,32,True,False,False,False
test_00508,train_06089,0.5111,22,True,False,False,True
test_02820,train_00371,0.5110,28,True,False,False,False
test_07282,train_01020,0.5109,30,True,False,False,False
test_01699,train_00010,0.5108,28,True,False,False,True
test_00245,train_07440,0.5107,10,True,False,False,True
test_01749,train_02946,0.5107,34,True,False,False,True
test_04905,train_01883,0.5107,26,True,False,False,True
test_03994,train_05795,0.5105,34,True,False,False,True
test_02000,train_00539,0.5104,20,True,False,False,True
test_00174,train_02323,0.5103,26,True,False,False,False
test_05514,train_00470,0.5101,30,True,False,False,False
test_03371,train_05766,0.5101,8,True,True,False,True
test_02355,train_02128,0.5101,22,True,False,False,False
test_00366,train_05114,0.5101,10,True,False,False,True
test_01821,train_03882,0.5100,26,True,False,False,True
test_01220,train_01426,0.5098,28,True,False,False,False
test_06179,train_06894,0.5095,32,True,False,False,False
test_07641,train_05799,0.5095,32,True,False,False,True
test_05248,train_04914,0.5095,20,True,False,False,False
test_00508,train_00644,0.5094,28,True,False,False,True
test_01190,train_04372,0.5093,18,True,False,False,True
test_00060,train_04577,0.5093,14,True,False,False,True
test_00344,train_04673,0.5093,10,True,False,False,True
test_01749,train_04278,0.5092,12,True,False,False,True
test_03060,train_02722,0.5089,32,True,False,False,False
test_03670,train_06578,0.5089,28,True,False,False,False
test_00129,train_01387,0.5089,20,True,False,False,True
test_02275,train_04125,0.5086,14,True,False,False,True
test_07064,train_04360,0.5085,26,True,False,False,False
test_07317,train_05917,0.5084,20,True,False,False,True
test_05714,train_03661,0.5082,30,True,False,False,True
test_01879,train_04136,0.5080,10,True,False,False,True
test_03011,train_00291,0.5080,26,True,False,False,True
test_06767,train_05869,0.5079,20,True,False,False,True
test_05952,train_01092,0.5078,22,True,False,False,True
test_05623,train_05340,0.5078,24,True,False,False,True
test_01525,train_02013,0.5078,26,True,False,False,False
test_01054,train_02547,0.5078,26,True,False,False,True
test_01481,train_05906,0.5077,24,True,False,False,True
test_01906,train_05277,0.5076,36,True,False,False,False
test_05623,train_00022,0.5076,26,True,False,False,True
test_06592,train_05471,0.5075,20,True,False,False,True
test_02173,train_05886,0.5075,26,True,False,False,False
test_00673,train_00900,0.5075,32,True,False,False,True
test_01173,train_03552,0.5075,8,True,True,False,True
test_07377,train_01321,0.5074,18,True,False,False,False
test_06592,train_00694,0.5074,28,True,False,False,True
test_07141,train_08025,0.5074,24,True,False,False,False
test_07418,train_05652,0.5074,24,True,False,False,False
test_00049,train_06169,0.5074,28,True,False,False,False
test_03028,train_04180,0.5073,16,True,False,False,True
test_06525,train_02748,0.5073,26,True,False,False,True
test_00266,train_04577,0.5072,30,True,False,False,True
test_05313,train_01883,0.5072,26,True,False,False,True
test_05698,train_07904,0.5071,28,True,False,False,True
test_01757,train_01751,0.5071,14,True,False,False,True
test_04905,train_06089,0.5071,24,True,False,False,True
test_06266,train_03653,0.5070,12,True,False,False,True
test_05348,train_05063,0.5070,12,True,False,False,True
test_01886,train_00074,0.5069,24,True,False,False,False
test_04853,train_00011,0.5067,30,True,False,False,False
test_07183,train_07710,0.5067,26,True,False,False,True
test_03838,train_02491,0.5065,36,True,False,False,False
test_07006,train_03501,0.5064,26,True,False,False,True
test_05313,train_06920,0.5063,10,True,False,False,True
test_07173,train_05471,0.5063,18,True,False,False,True
test_00893,train_02456,0.5062,26,True,False,False,True
test_00893,train_02598,0.5062,26,True,False,False,True
test_04087,train_02537,0.5061,28,True,False,False,False
test_07183,train_06569,0.5060,24,True,False,False,True
test_02265,train_05844,0.5060,30,True,False,False,False
test_00595,train_08133,0.5059,30,True,False,False,False
test_00508,train_03327,0.5059,18,True,False,False,True
test_05213,train_06453,0.5057,26,True,False,False,True
test_07977,train_05622,0.5057,12,True,False,False,True
test_03486,train_06500,0.5055,22,True,False,False,True
test_05381,train_00834,0.5054,30,True,False,False,True
test_02025,train_07867,0.5054,28,True,False,False,True
test_07401,train_05151,0.5053,16,True,False,False,True
test_01055,train_00468,0.5052,22,True,False,False,False
test_00366,train_06648,0.5051,20,True,False,False,True
test_07952,train_05090,0.5051,26,True,False,False,False
test_07608,train_03779,0.5051,34,True,False,False,False
test_07400,train_02921,0.5050,28,True,False,False,False
test_00049,train_02009,0.5049,32,True,False,False,False
test_07099,train_06569,0.5048,30,True,False,False,True
test_01173,train_04068,0.5048,22,True,False,False,True
test_07324,train_01387,0.5047,24,True,False,False,True
test_04905,train_03824,0.5046,32,True,False,False,True
test_01959,train_04591,0.5046,30,True,False,False,True
test_03025,train_02159,0.5046,34,True,False,False,False
test_06592,train_06285,0.5045,20,True,False,False,True
test_01394,train_07583,0.5045,32,True,False,False,False
test_07398,train_07022,0.5044,34,True,False,False,True
test_03460,train_04278,0.5043,36,True,False,False,True
test_03011,train_01092,0.5043,16,True,False,False,True
test_01200,train_02750,0.5042,16,True,False,False,False
test_02381,train_03552,0.5042,30,True,False,False,True
test_06754,train_07422,0.5042,12,True,False,False,True
test_07837,train_03432,0.5040,28,True,False,False,True
test_07902,train_00865,0.5038,28,True,False,False,True
test_05013,train_01755,0.5038,32,True,False,False,True
test_05381,train_02663,0.5038,30,True,False,False,True
test_00038,train_00937,0.5038,6,True,True,False,True
test_01490,train_05841,0.5037,24,True,False,False,True
test_07183,train_03116,0.5037,28,True,False,False,True
test_00574,train_05115,0.5035,16,True,False,False,True
test_06592,train_07648,0.5035,26,True,False,False,False
test_03124,train_03824,0.5034,26,True,False,False,True
test_01587,train_05841,0.5033,32,True,False,False,True
test_06732,train_07033,0.5031,16,True,False,False,True
test_01086,train_03963,0.5031,32,True,False,False,False
test_03424,train_05527,0.5031,32,True,False,False,True
test_06647,train_02717,0.5030,24,True,False,False,False
test_01190,train_03312,0.5028,20,True,False,False,True
test_01749,train_07904,0.5028,32,True,False,False,True
test_03486,train_05340,0.5028,24,True,False,False,True
test_06070,train_01179,0.5027,32,True,False,False,False
test_00467,train_03659,0.5027,28,True,False,False,False
test_06608,train_07156,0.5026,12,True,False,False,False
test_03005,train_07750,0.5025,24,True,False,False,False
test_04277,train_04149,0.5025,12,True,False,False,True
test_05603,train_00772,0.5024,26,True,False,False,False
test_03823,train_03859,0.5023,26,True,False,False,False
test_00302,train_01473,0.5022,18,True,False,False,True
test_06214,train_02393,0.5021,30,True,False,False,False
test_01569,train_05576,0.5021,24,True,False,False,False
test_07120,train_07206,0.5020,22,True,False,False,False
test_05013,train_06766,0.5020,26,True,False,False,True
test_05727,train_04278,0.5019,18,True,False,False,True
test_03996,train_06271,0.5019,28,True,False,False,False
test_07007,train_04125,0.5018,16,True,False,False,False
test_00218,train_08114,0.5018,20,True,False,False,True
test_01668,train_03436,0.5017,18,True,False,False,True
test_01668,train_00050,0.5017,18,True,False,False,True
test_07641,train_03397,0.5016,12,True,False,False,True
test_00673,train_05412,0.5016,32,True,False,False,True
test_04352,train_01387,0.5016,6,True,True,False,True
test_07934,train_04426,0.5015,26,True,False,False,False
test_03373,train_06173,0.5013,28,True,False,False,False
test_03124,train_01883,0.5011,32,True,False,False,True
test_06039,train_05355,0.5009,22,True,False,False,False
test_00016,train_06677,0.5009,10,True,False,False,True
test_06057,train_03085,0.5008,26,True,False,False,True
test_00824,train_06935,0.5006,26,True,False,False,True
test_00146,train_07738,0.5006,30,True,False,False,True
test_06505,train_02981,0.5005,20,True,False,False,True
test_00016,train_02773,0.5005,24,True,False,False,True
test_07117,train_01888,0.5005,34,True,False,False,True
test_00686,train_02992,0.5004,18,True,False,False,False
test_05568,train_04633,0.5004,22,True,False,False,True
test_07034,train_01751,0.5003,28,True,False,False,False
test_04507,train_06001,0.5003,16,True,False,False,False
test_04224,train_01298,0.5003,12,True,False,False,True
test_00508,train_03312,0.5003,20,True,False,False,True
test_05906,train_07818,0.5002,22,True,False,False,True
test_01879,train_03824,0.5002,26,True,False,False,True
test_05013,train_07889,0.5001,32,True,False,False,True
test_00303,train_03312,0.5001,22,True,False,False,True
test_00942,train_03552,0.5001,32,True,False,False,False
test_04002,train_00379,0.5000,22,True,False,False,True
test_02565,train_03539,0.4848,8,False,True,False,False
test_02566,train_07159,0.4824,6,False,True,False,True
test_05352,train_05525,0.4811,8,False,True,False,True
test_06125,train_03701,0.4787,6,False,True,False,True
test_02566,train_02734,0.4725,8,False,True,False,True
test_07659,train_07927,0.4721,6,False,True,False,True
test_04777,train_03515,0.4709,8,False,True,False,True
test_07659,train_07159,0.4610,8,False,True,False,True
test_01879,train_03342,0.4549,6,False,True,False,True
test_07837,train_04290,0.4510,8,False,True,False,True
test_07035,train_06089,0.4449,6,False,True,False,True
test_03512,train_07738,0.4427,8,False,True,False,True
test_03426,train_02886,0.4258,8,False,True,False,True
test_00336,train_04026,0.4198,8,False,True,False,True
test_07597,train_02598,0.4166,8,False,True,False,True
test_07597,train_02456,0.4166,8,False,True,False,True
test_00006,train_01198,0.4137,8,False,True,False,True
test_00129,train_01969,0.4025,8,False,True,False,True
test_01869,train_06315,0.3992,8,False,True,False,True
test_00038,train_05471,0.3992,8,False,True,False,True
test_03198,train_03540,0.3626,8,False,True,False,True
test_03994,train_07033,0.3600,8,False,True,False,True
test_00038,train_06089,0.3559,8,False,True,False,True
test_00302,train_00855,0.3538,8,False,True,False,True
test_04394,train_07056,0.3496,8,False,True,False,True
test_03005,train_01315,0.3370,8,False,True,False,True
test_01869,train_06917,0.3368,8,False,True,False,True
test_01587,train_04134,0.3320,6,False,True,False,True
test_00766,train_04136,0.3320,8,False,True,False,True
test_05582,train_05823,0.3179,6,False,True,False,True
test_03486,train_07159,0.3152,8,False,True,False,True
test_04792,train_03597,0.3065,8,False,True,False,True
test_07128,train_04321,0.3035,8,False,True,False,True
test_02781,train_02330,0.2991,8,False,True,False,True
test_01274,train_00315,0.2932,8,False,True,False,True
test_06121,train_01980,0.2886,8,False,True,False,True
test_00352,train_00652,0.2732,8,False,True,False,True
test_04319,train_05564,0.2674,8,False,True,False,True
test_07092,train_05289,0.2612,8,False,True,False,True
test_03994,train_03634,0.2506,8,False,True,False,True
test_02566,train_06400,0.2413,6,False,True,False,True
test_03486,train_03342,0.2345,8,False,True,False,True
test_07636,train_07517,0.2304,8,False,True,False,True
test_05376,train_04043,0.2296,8,False,True,False,True
test_02609,train_04134,0.2162,8,False,True,False,True
test_00508,train_06507,0.2086,6,False,True,False,True
test_00137,train_02507,0.2002,8,False,True,False,True
test_03516,train_06227,0.1996,8,False,True,False,True
test_06372,train_03726,0.1989,8,False,True,False,True
test_00129,train_06511,0.1957,8,False,True,False,True
test_01420,train_04801,0.1947,8,False,True,False,False
test_06638,train_01401,0.1931,8,False,True,False,True
test_00024,train_01969,0.1833,8,False,True,False,True
test_01714,train_05306,0.1710,8,False,True,False,True
test_01745,train_02703,0.1687,8,False,True,False,True
test_05896,train_02413,0.1504,8,False,True,False,True
test_00537,train_07688,0.1369,8,False,True,False,True
test_04394,train_01123,0.1263,8,False,True,False,True
test_00016,train_05934,0.1179,4,False,True,False,True
test_02430,train_03164,0.1045,8,False,True,False,True
test_00209,train_00173,0.0991,6,False,True,False,True
test_07545,train_05512,0.0955,8,False,True,False,True
test_05479,train_00205,0.0802,8,False,True,False,True
test_05937,train_03413,0.0784,8,False,True,False,True
test_00137,train_04951,0.0693,8,False,True,False,True
test_07980,train_06384,0.0659,6,False,True,False,True
test_03477,train_07849,0.0610,8,False,True,False,True
test_02447,train_00606,0.0591,8,False,True,False,True
test_04922,train_06511,0.0455,8,False,True,False,True
test_05310,train_01245,0.0394,8,False,True,False,True
test_07014,train_06185,0.0376,8,False,True,False,True
test_02019,train_00526,0.0372,8,False,True,False,True
test_01657,train_01398,0.0312,8,False,True,False,True
test_02788,train_06518,0.0283,8,False,True,False,True
test_05427,train_01146,0.0249,8,False,True,False,True
test_01083,train_04202,0.0162,8,False,True,False,True
test_07813,train_03539,0.0128,8,False,True,False,True
test_01696,train_01146,0.0084,8,False,True,False,True
test_01999,train_02784,0.0078,8,False,True,False,True
test_04871,train_03413,-0.0051,8,False,True,False,True
test_00866,train_05225,-0.0139,8,False,True,False,True
test_03118,train_02426,-0.0166,8,False,True,False,True
test_04898,train_03467,-0.0239,8,False,True,False,True
test_07032,train_03032,-0.0333,8,False,True,False,True
