fine_id,rare,n,covered,kid,coverage,kid_ceiling,coverage_ceiling
0,False,44,True,0.027858112523585277,0.6590909090909091,-0.013718270108462605,0.7727272727272727
1,True,42,True,0.032683161238642455,0.8620689655172413,-0.027422939024685178,0.9655172413793104
2,False,36,True,0.21133327180715256,0.6341463414634146,0.007037497429990935,0.8780487804878049
3,False,36,True,0.16210255257780126,0.9047619047619048,-0.007165708886963884,0.9285714285714286
4,True,35,True,0.09418316467754906,0.65,-0.0004105853410898419,0.75
5,False,55,True,0.15062380707129996,0.7045454545454546,0.017558978236586142,0.7954545454545454
6,True,27,True,0.17876034198141788,0.7435897435897436,-0.015090886349202748,0.8717948717948718
7,False,34,True,0.10703889798593735,0.6888888888888889,0.022497175573899852,0.8888888888888888
8,False,33,True,0.055671844621828726,0.631578947368421,0.019562870992784198,0.6578947368421053
9,True,37,True,0.06898132729182294,0.9090909090909091,0.03429651256760735,0.9393939393939394
10,True,47,True,0.08784644686384446,0.8378378378378378,-0.021597671719217004,0.8648648648648649
11,True,37,True,0.011597351078750151,0.8055555555555556,-0.015285469040035693,0.9444444444444444
12,True,46,True,0.11405998191344047,0.8571428571428571,0.05308046378677567,0.8571428571428571
13,False,30,True,0.01940144550000511,0.8717948717948718,-0.02926261858460677,0.9743589743589743
14,False,38,True,0.04897707306085941,0.8372093023255814,0.008664075419792638,0.9069767441860465
15,False,39,True,0.0974857220167813,0.9736842105263158,0.003008818085936227,0.9736842105263158
16,False,37,True,0.08420891784234463,0.8378378378378378,0.0035785960433276642,0.918918918918919
17,False,36,True,0.07829241814395971,0.6341463414634146,-0.01594797671827486,0.7804878048780488
18,True,40,True,0.16269360984000159,0.8888888888888888,0.024816048903556265,0.8888888888888888
19,False,39,True,0.04153514503327571,0.5869565217391305,0.004155079021082031,0.7391304347826086
20,False,36,True,0.0787145692692377,0.8780487804878049,0.008181181088652068,0.926829268292683
21,False,41,True,0.0751418535824957,0.725,0.0074876804966574895,0.825
22,True,45,True,0.03345716165138768,0.8974358974358975,-0.045198860654355855,0.9230769230769231
23,False,44,True,0.07768596544892858,0.8888888888888888,-0.011564136461116092,0.9333333333333333
24,True,40,True,0.10125211707835469,0.7714285714285715,-3.146318873881171e-05,0.8285714285714286
25,True,44,True,0.0643797221961826,0.8529411764705882,0.019392542089073928,0.9411764705882353
26,True,46,True,0.06549573907046558,0.9428571428571428,0.003665506034385757,0.9714285714285714
27,False,38,True,0.0916317602649599,0.7804878048780488,0.013806918410820046,0.9024390243902439
28,False,35,True,0.008875742811365939,0.7380952380952381,-0.00836625994044482,0.7619047619047619
29,False,41,True,0.09659645933543537,0.7073170731707317,-0.029571168192251918,0.926829268292683
30,False,37,True,0.038110329118730135,0.9512195121951219,-0.018930843903099515,0.9512195121951219
31,False,51,True,0.039768579954431615,0.7073170731707317,0.005707774659674314,0.8048780487804879
32,False,48,True,0.035750687355433186,0.8333333333333334,-0.008749036212899242,0.8809523809523809
33,False,35,True,0.0849248649060943,0.6818181818181818,0.05211563681029574,0.75
34,False,40,True,0.08325708624006722,0.7804878048780488,0.012718728413968705,0.926829268292683
35,True,35,True,0.18521226466920382,0.5897435897435898,-0.010634458365530008,0.7692307692307693
36,True,30,True,0.07317278193031385,0.868421052631579,0.029573784763599065,0.9210526315789473
37,False,39,True,0.02656136206597992,0.825,-0.004333857797053753,0.875
38,True,31,True,0.1141400767652172,0.75,-0.01208704716368203,0.7777777777777778
39,True,33,True,0.030814541183914912,0.8461538461538461,0.0029880056233739793,0.8974358974358975
40,True,36,True,0.05099052005905946,0.7428571428571429,0.01192347266725946,0.8857142857142857
41,True,45,True,0.03984737651371795,0.9333333333333333,-0.028700893956141726,0.9333333333333333
42,False,33,True,0.05508009692618643,0.7674418604651163,0.01628020700812627,0.8837209302325582
43,False,48,True,0.09522564651415344,0.8372093023255814,0.07294750486860835,0.9069767441860465
44,True,33,True,0.09479750875302706,0.7666666666666667,-0.015529673110073361,0.8333333333333334
45,False,37,True,0.09668048972832288,0.725,0.014178669198312122,0.925
46,True,36,True,0.03659098666457794,0.9142857142857143,-0.02376198768945592,0.9428571428571428
47,False,35,True,0.025246774443923314,0.7142857142857143,9.742310112947905e-05,0.8809523809523809
48,True,40,True,0.012083404995777869,0.8055555555555556,-0.029173595855828793,0.9166666666666666
49,False,43,True,0.06839165241061806,0.7073170731707317,0.004163221008127493,0.8292682926829268
50,False,43,True,0.07864726039249526,0.6904761904761905,0.02306475018385079,0.8571428571428571
51,False,47,True,0.031472090989504764,0.8292682926829268,-0.01784672363797135,0.8292682926829268
52,False,37,True,0.08619066613943005,0.5909090909090909,0.020821786978649115,0.75
53,False,40,True,0.12192729621030907,0.5384615384615384,0.04951751823175776,0.717948717948718
54,False,49,True,0.057257932544633405,0.9230769230769231,0.004488250404262928,0.9487179487179487
55,False,43,True,0.0537474235711457,0.717391304347826,0.003343695263666291,0.7608695652173914
56,True,44,True,0.06859279991331846,0.7837837837837838,0.005194280148559827,0.8918918918918919
57,False,37,True,0.019272484771017062,0.7954545454545454,-0.0034176473995604084,0.9090909090909091
58,False,42,True,0.1152339278659209,0.7727272727272727,0.05625338802850166,0.8863636363636364
59,True,36,True,0.020480000974071544,0.9166666666666666,-0.03978997477536339,0.9444444444444444
60,False,46,True,0.024079647282675865,0.8837209302325582,-0.011650107180429359,1.0
61,True,35,True,0.11739621583575754,0.918918918918919,0.03465729394302386,1.0
62,False,37,True,0.14610309633093443,0.75,0.016120986298533424,0.8409090909090909
63,True,30,True,0.0437223558413784,0.7692307692307693,-0.03442729734072536,0.9230769230769231
64,False,46,True,0.05518653108321914,0.8444444444444444,-0.006701313019213728,0.8444444444444444
65,False,41,True,0.11235326619862462,0.975609756097561,0.009687452170654254,0.975609756097561
66,True,30,True,0.1161122107385868,0.7631578947368421,0.028467604628968246,0.7894736842105263
67,False,48,True,0.06953259924806687,0.8205128205128205,0.016401997838247695,0.8461538461538461
68,True,54,True,0.04314805546467504,0.9473684210526315,-0.012714114671368293,0.9473684210526315
69,False,48,True,0.04974335584905987,0.8095238095238095,-0.007981813970319607,0.9285714285714286
70,True,40,True,0.0709144083692248,0.8787878787878788,0.008593499115994163,0.9393939393939394
71,False,30,True,0.1438625992411655,0.4666666666666667,0.019932032987819426,0.6444444444444445
72,False,29,True,0.06545359883370416,0.75,-0.001856379861985502,0.8863636363636364
73,False,33,True,0.08441342376796435,0.7906976744186046,0.05573297312471226,0.8604651162790697
74,False,46,True,0.07958932365245808,0.7804878048780488,-0.01797294374264169,0.7804878048780488
75,False,50,True,0.03803213911265502,0.9302325581395349,-0.03621174960726847,0.9534883720930233
76,False,39,True,-0.0009117476287823223,0.85,-0.024705425217176114,0.925
77,True,49,True,0.03928580708214646,0.8108108108108109,-0.01762337645138068,0.8648648648648649
78,False,37,True,0.024033827234482885,0.7708333333333334,-0.01967660556958961,0.8333333333333334
79,False,33,True,0.1536811131135476,0.6511627906976745,0.07901380651328971,0.7674418604651163
80,False,48,True,0.04426541888002866,0.8,-0.023851681437889738,0.8888888888888888
81,False,45,True,0.058187560154962625,0.6,0.02134627085597529,0.6666666666666666
82,True,40,True,0.08988096284306657,0.7428571428571429,0.04283999328739441,0.8
83,True,42,True,0.022459572638718228,0.6410256410256411,-0.005891662137281983,0.6666666666666666
84,False,26,True,0.012523992118548932,0.6511627906976745,-0.006526039156367958,0.6511627906976745
85,False,40,True,0.08942636715238628,0.7857142857142857,0.029076931317346677,0.9285714285714286
86,False,37,True,0.02281016642817768,0.9534883720930233,-0.0019403899507164368,0.9767441860465116
87,False,26,True,0.02633180483332076,0.7631578947368421,0.001001547101603606,0.8421052631578947
88,False,38,True,0.039720092217448766,0.8409090909090909,-0.00963205206715756,0.8863636363636364
89,False,41,True,0.13112569419376818,0.5897435897435898,0.008933920098096237,0.7948717948717948
90,True,47,True,0.10846262900436088,0.7368421052631579,0.024770997133071404,0.8421052631578947
91,False,39,True,0.04728680374041261,0.925,-0.020037775299385885,0.975
92,True,49,True,0.07360461292323528,0.717948717948718,0.015658214502087375,0.717948717948718
93,False,44,True,0.028610246671863848,0.7906976744186046,-0.007979321072296486,0.8837209302325582
94,False,58,True,0.040420367131870805,0.8181818181818182,-0.011641994601697903,0.8181818181818182
95,False,42,True,0.04780466181210841,0.7560975609756098,-0.011121731265568258,0.8048780487804879
96,False,40,True,0.07353255444396112,0.6666666666666666,-0.020604366600501578,0.8333333333333334
97,False,46,True,0.07592943997546975,0.8260869565217391,-0.006762844009340796,0.9130434782608695
98,True,36,True,0.04129826461638331,0.9629629629629629,-0.010294694446526975,1.0
99,True,24,True,0.051151331703589875,0.8484848484848485,-0.0035458161787484954,0.8484848484848485
100,False,48,True,0.03697688929196019,0.8095238095238095,-0.016207130656015423,0.8809523809523809
101,True,40,True,0.04038489719411409,0.9230769230769231,-0.0013828164175233582,0.9230769230769231
102,True,35,True,0.03172243215498227,0.7894736842105263,-0.021332199738875346,0.8947368421052632
103,False,36,True,0.07365771084135453,0.6,0.01963233952909249,0.65
104,False,43,True,0.039085229898986995,0.8604651162790697,-0.016787147334138552,0.8837209302325582
105,False,42,True,0.01661624567901221,0.6585365853658537,-0.007001772961775288,0.7560975609756098
106,False,40,True,0.015192654680554085,0.7954545454545454,-0.04038272705335011,0.9545454545454546
107,False,48,True,0.03414598191081808,0.9090909090909091,-0.022021232403917068,0.9545454545454546
108,False,41,True,0.012438845937207788,0.8636363636363636,-0.0160657526002268,0.8863636363636364
109,False,37,True,0.26917962567615916,0.4883720930232558,0.024733984176949164,0.7906976744186046
110,False,35,True,0.05963822242432215,0.7857142857142857,0.029506034138908177,0.8571428571428571
111,False,49,True,0.0479065865895727,0.9333333333333333,0.009656810963292628,1.0
112,False,53,True,0.03701163822178977,0.8571428571428571,-0.02203681299816118,0.9761904761904762
113,False,42,True,0.04886696787224665,0.8666666666666667,-0.01912655796351892,0.9111111111111111
114,False,42,True,0.04682067337208373,0.7555555555555555,-0.008149003901504415,0.8
115,True,38,True,0.1156839890379473,0.7297297297297297,-0.024439635489754252,0.918918918918919
116,False,46,True,0.047767902423512254,0.9512195121951219,-0.013249447986224183,0.9512195121951219
117,False,48,True,0.05841648097652197,0.8780487804878049,0.027661755026294088,0.9024390243902439
118,False,46,True,0.045914831044351345,0.7794117647058824,-0.013180131089018943,0.8235294117647058
119,False,44,True,0.0995135687754658,0.8095238095238095,-0.008876654184557964,0.9523809523809523
120,False,49,True,0.14290809908266766,0.75,0.03771618640459451,0.75
121,False,47,True,0.09188369842044963,0.8717948717948718,-0.01285477289100534,0.8974358974358975
122,False,44,True,0.060750289634590615,0.8181818181818182,-0.004559646055190214,0.8636363636363636
123,True,37,True,0.027011084195134316,0.717948717948718,-0.017048825834411474,0.7435897435897436
124,False,44,True,0.07759153181160983,0.8809523809523809,0.001104790436276204,0.9285714285714286
125,False,46,True,0.0741568521582856,0.5,0.05163187700876293,0.6904761904761905
126,False,29,True,0.03807328717235414,0.8048780487804879,-0.020532958459336115,0.9024390243902439
127,True,41,True,0.11935021757543574,0.8461538461538461,0.021157858537817376,0.9743589743589743
128,True,42,True,0.04852205662817255,0.5789473684210527,-0.021716577436189155,0.631578947368421
129,False,30,True,0.17252278845813507,0.5853658536585366,0.08231526326902561,0.6585365853658537
130,False,44,True,0.11660988494049818,0.7073170731707317,0.02456868067980622,0.8048780487804879
131,False,36,True,0.22856175839186754,0.813953488372093,0.06534584744992777,0.813953488372093
132,False,39,True,0.11017220370022329,0.7857142857142857,0.059248877100158026,0.8095238095238095
133,True,37,True,0.05193598572680891,0.7272727272727273,0.03407798427063291,0.7272727272727273
134,False,47,True,0.023759549676034553,0.8571428571428571,-0.028980164080151027,0.9047619047619048
135,True,37,True,0.20952966399542206,0.7916666666666666,0.05019418368240203,0.7916666666666666
136,False,41,True,0.04204751205270796,0.6666666666666666,-0.0076847670090511855,0.7619047619047619
137,False,38,True,0.051679187747479816,0.7948717948717948,0.006259838290528563,0.8974358974358975
138,False,53,True,0.08250786502997975,0.7560975609756098,0.020857858612096436,0.9024390243902439
139,False,28,True,0.0873075689449827,0.5476190476190477,0.04734437069391184,0.6428571428571429
140,True,32,True,0.009932525294143346,0.7647058823529411,-0.0337011161034102,0.8235294117647058
141,True,34,True,0.0537702997404903,0.78125,-0.042770134608829835,0.84375
142,False,40,True,0.08383318319411615,0.875,0.0006745036030118001,0.925
143,False,46,True,0.11938449321496414,0.6521739130434783,-0.02732264750947344,0.8695652173913043
144,False,42,True,0.04295551835982714,0.7954545454545454,-0.011426127045060852,0.8636363636363636
145,False,44,True,0.05496930991375493,0.8372093023255814,-0.0012506997833483524,0.8837209302325582
146,False,35,True,0.009052848955613868,0.7045454545454546,-0.032126264278588224,0.8636363636363636
147,False,44,True,0.08045321452091514,0.6888888888888889,0.0038901278002114736,0.8666666666666667
148,False,53,True,0.06690927169202787,0.8095238095238095,0.012919258164705738,0.9285714285714286
149,True,46,True,0.04952768166252319,0.9722222222222222,-0.03007859636899113,1.0
150,False,37,True,0.051868583379071964,0.7674418604651163,0.033223294489044264,0.8372093023255814
151,True,41,True,0.08043208344941277,0.4857142857142857,0.04987426835318587,0.7714285714285715
152,False,34,True,0.035267102949552154,0.6136363636363636,-0.006099471877195839,0.8181818181818182
153,False,45,True,0.07124763911169119,0.7619047619047619,0.012178753818608001,0.9047619047619048
154,False,39,True,0.0008198079315899776,0.8809523809523809,-0.006954941879579124,0.9285714285714286
155,True,39,True,0.20794059986549307,0.6923076923076923,0.06541969961437388,0.7692307692307693
156,True,36,True,0.04885900668281451,0.5555555555555556,-0.020133368598225232,0.7777777777777778
157,True,29,True,0.03590270145954477,1.0,-0.035593687064080726,1.0
158,True,36,True,0.03393260329136716,0.8055555555555556,-0.018827444684768935,0.9166666666666666
159,False,44,True,0.02133369496381121,0.6818181818181818,-0.02456213270981955,0.75
160,False,45,True,0.1054973175575018,0.625,-0.003742392246378401,0.8333333333333334
161,False,38,True,0.07722700994491127,0.4444444444444444,0.02513452983794906,0.7111111111111111
162,True,56,True,0.04811671673513729,0.8888888888888888,-0.030851911529909515,0.9166666666666666
163,False,43,True,0.13268668163666497,0.8604651162790697,0.01637850000777874,0.9302325581395349
164,False,34,True,0.03914486681293994,0.7272727272727273,0.022622452393985526,0.8636363636363636
165,False,40,True,0.025587419975689585,0.775,-0.03682706003560554,0.95
166,False,47,True,0.05602969168292482,0.8936170212765957,-0.0017647458922080972,0.9361702127659575
167,False,35,True,0.08688525613452569,0.7857142857142857,0.02107456108428707,0.9285714285714286
168,True,44,True,0.07341074715681195,0.8947368421052632,-0.0306614745734457,0.9210526315789473
169,False,42,True,0.053216864843470546,0.7045454545454546,-0.01843556002220126,0.7954545454545454
170,False,49,True,0.057397233825202676,0.7391304347826086,-0.006705266030509804,0.8043478260869565
171,False,44,True,0.10516103816155997,0.5909090909090909,-0.0009732241879500947,0.7727272727272727
172,False,43,True,0.09539577875551508,0.7209302325581395,-0.0008751006722906851,0.9534883720930233
173,False,40,True,0.22090505100561586,0.625,0.07311949501071346,0.9
174,True,32,True,0.1457800548525583,0.3333333333333333,0.034514546090191445,0.9666666666666667
175,True,29,True,0.05418272605198737,0.7567567567567568,-0.009123924411325035,0.8378378378378378
176,False,49,True,0.032609978119106486,0.9302325581395349,-0.014502821140089495,0.9534883720930233
177,False,41,True,0.04852406841485468,0.8536585365853658,-0.03847884986751815,0.9512195121951219
178,False,38,True,0.15916882951798783,0.8636363636363636,0.050969963259509754,0.9545454545454546
179,False,46,True,0.05916986612068165,0.725,-0.027146778427786344,0.925
180,True,41,True,0.06850693980667444,0.8421052631578947,0.006859157843214447,0.8947368421052632
181,False,39,True,0.03899896043527562,0.782608695652174,0.016633347590666148,0.8478260869565217
182,False,42,True,0.11271065125241364,0.5238095238095238,0.03424299533986641,0.7619047619047619
183,False,44,True,0.115770570827884,0.675,0.026083978722152068,0.775
184,True,38,True,0.042877824300916245,0.7105263157894737,0.004633412952074423,0.8421052631578947
185,True,48,True,0.03416311673104566,0.918918918918919,-0.030576824865910623,0.9459459459459459
186,False,34,True,0.03793310790410054,0.7209302325581395,-0.0038344011036528514,0.8837209302325582
187,False,37,True,0.07938760327098393,0.7857142857142857,0.004596571537691219,0.9285714285714286
188,False,42,True,0.008310103919676237,0.8461538461538461,0.008317974125146677,0.9487179487179487
189,False,39,True,0.05670825791391643,0.8604651162790697,-0.013155997655223572,0.9767441860465116
190,False,51,True,0.030336692926793418,0.8695652173913043,-0.018377399782945503,0.9130434782608695
191,False,41,True,0.04128105694599782,0.7619047619047619,-0.015800885311367807,0.9523809523809523
192,False,55,True,0.08833333536614418,0.9024390243902439,0.0536471117373889,0.926829268292683
193,False,33,True,0.07693912481262011,0.5777777777777777,-0.014595547753218696,0.7555555555555555
194,False,41,True,0.12898019778601721,0.6511627906976745,0.016753655730264327,0.7441860465116279
195,False,40,True,0.04890243285015394,0.75,-0.023566349370099715,0.875
